Player_ID,Reaction_Time,Accuracy,Headshot_Ratio,Fire_Rate,Movement_Speed,Aim_Smoothness,KDR,Label,activity_intensity,gameplay_pattern
C179,0.03276,0.8379,0.83254,0.957,0.75439,0.90274,0.76937,1,0.95794,0.83743
N866,0.53768,0.60067,0.30692,0.09132,0.2321,0.45473,0.11401,0,0.06823,0.4059
N102,0.63273,0.29222,0.07507,0.14846,0.4082,0.25088,0.16518,0,0.13614,0.12277
N440,0.47918,0.15918,0.1927,0.11085,0.44357,0.41985,0.15924,0,0.10523,0.11187
N059,0.63899,0.52878,0.16513,0.09271,0.50774,0.47426,0.06861,0,0.09409,0.2917
C121,0.11827,0.98016,0.82814,0.57181,0.83551,0.93563,0.82262,1,0.59288,0.91418
N324,0.77432,0.32188,0.10274,0.17149,0.36173,0.54016,0.14643,0,0.15838,0.1521
N975,0.53635,0.44827,0.11042,0.11911,0.37497,0.41692,0.22648,0,0.10715,0.22789
N412,0.68133,0.54139,0.18513,0.11283,0.62067,0.32766,0.19774,0,0.12144,0.31516
N856,0.5122,0.39706,0.3076,0.19426,0.37333,0.44617,0.20189,0,0.18012,0.30119
N821,0.8075,0.33727,0.05447,0.16914,0.78677,0.20888,0.1374,0,0.18886,0.13495
N045,0.71671,0.55505,0.09375,0.18219,0.516,0.64791,0.09984,0,0.18381,0.27041
N050,0.79875,0.19783,0.23595,0.09602,0.38188,0.48801,0.1967,0,0.08641,0.15685
N850,0.58841,0.40742,0.39612,0.11255,0.47984,0.49094,0.20221,0,0.11107,0.35257
N241,0.59548,0.38738,0.29109,0.13946,0.4871,0.46764,0.0994,0,0.13741,0.28242
N171,0.70972,0.56484,0.15466,0.22171,0.41577,0.22024,0.18739,0,0.20725,0.31148
N524,0.54373,0.56825,0.10256,0.09511,0.45425,0.41607,0.20535,0,0.09089,0.28724
N766,0.51732,0.50469,0.15634,0.21918,0.6184,0.59059,0.09833,0,0.2278,0.27567
N839,0.59472,0.39824,0.20189,0.17232,0.43163,0.52668,0.17585,0,0.16515,0.24586
N424,0.68256,0.4865,0.255,0.14113,0.86654,0.71108,0.21492,0,0.1758,0.32266
N381,0.75583,0.33466,0.15273,0.23109,0.53422,0.53313,0.13398,0,0.23112,0.18422
N610,0.6961,0.39438,0.24417,0.19938,0.45534,0.61987,0.14691,0,0.19471,0.26424
N677,0.69513,0.36396,0.16125,0.06479,0.38178,0.40918,0.11368,0,0.05509,0.20337
N345,0.50913,0.28227,0.22995,0.13569,0.60802,0.2067,0.21429,0,0.14074,0.19996
N110,0.56927,0.33824,0.30534,0.07462,0.44456,0.35736,0.17759,0,0.0694,0.26723
N278,0.74135,0.35201,0.19264,0.15254,0.36166,0.49594,0.14598,0,0.13943,0.21477
N678,0.57555,0.41633,0.29955,0.03519,0.48566,0.43131,0.19754,0,0.0359,0.30716
N571,0.71559,0.14036,0.16971,0.15692,0.40023,0.43962,0.14377,0,0.14627,0.08911
N359,0.59365,0.43405,0.17518,0.07329,0.50266,0.52146,0.20599,0,0.07551,0.25275
N599,0.59003,0.48963,0.09995,0.16888,0.11202,0.3503,0.23711,0,0.13124,0.24521
N391,0.69519,0.37835,0.187,0.17101,0.37849,0.55003,0.0788,0,0.15954,0.2227
N894,0.53878,0.47349,0.23437,0.09457,0.51855,0.41547,0.23941,0,0.09602,0.3062
N693,0.69258,0.58883,0.22832,0.11671,0.47556,0.19572,0.12447,0,0.11058,0.35939
N728,0.65899,0.39892,0.00462,0.05074,0.36446,0.44509,0.07571,0,0.04047,0.13925
N363,0.85488,0.60989,0.12052,0.2029,0.45864,0.54445,0.21778,0,0.19736,0.31951
N597,0.57138,0.39817,0.10854,0.15091,0.52803,0.36051,0.19224,0,0.15059,0.19833
N428,0.63362,0.38255,0.17129,0.23988,0.36272,0.6682,0.06989,0,0.22643,0.2164
N071,0.56379,0.45472,0.18075,0.09567,0.52666,0.46345,0.16371,0,0.09846,0.26467
N322,0.66489,0.29466,0.20009,0.17727,0.6138,0.63645,0.20928,0,0.1875,0.19093
N653,0.62274,0.30029,0.13266,0.0861,0.64097,0.50892,0.13253,0,0.0999,0.1553
C066,0.11209,0.90395,0.93291,0.77985,0.54802,0.9298,0.84578,1,0.76878,0.92859
N108,0.82197,0.50434,0.19043,0.16188,0.69569,0.53996,0.21686,0,0.17846,0.29893
C109,0.05512,0.94887,0.85184,0.80725,0.72285,0.94737,0.72634,1,0.81091,0.90491
N356,0.59139,0.3574,0.24617,0.12025,0.37809,0.29057,0.26086,0,0.10676,0.251
N951,0.56957,0.40511,0.17575,0.21699,0.55978,0.35718,0.15082,0,0.21726,0.2348
N343,0.68021,0.5861,0.0558,0.1352,0.57686,0.54118,0.11702,0,0.14222,0.2683
N355,0.77639,0.44608,0.33636,0.12679,0.25432,0.57959,0.17492,0,0.10625,0.34108
N024,0.50486,0.39264,0.19728,0.10528,0.38969,0.44424,0.21783,0,0.09545,0.24252
N044,0.65592,0.56186,0.23762,0.05087,0.6533,0.26299,0.14836,0,0.06346,0.35089
N244,0.39935,0.37084,0.34902,0.14862,0.55195,0.48686,0.12978,0,0.15225,0.305
N738,0.7056,0.38044,0.22843,0.13168,0.55865,0.47262,0.18965,0,0.13624,0.2507
C136,0.05677,0.96492,0.86229,0.74422,0.89097,0.93974,0.72871,1,0.76461,0.91906
N368,0.63305,0.24338,0.16759,0.21331,0.35606,0.36908,0.21751,0,0.19595,0.14697
N164,0.50558,0.0024,0.26658,0.14581,0.32085,0.42272,0.14234,0,0.1283,0.06504
C116,0.15227,0.96033,0.86526,0.82014,0.6604,0.88465,0.91907,1,0.81701,0.92747
N333,0.65722,0.41279,0.18339,0.22824,0.42597,0.69187,0.08305,0,0.22106,0.23955
N989,0.78316,0.60966,0.11668,0.14925,0.74759,0.29774,0.15622,0,0.16741,0.31438
C173,0.04692,0.9309,0.82893,0.82867,0.61903,0.92053,0.88629,1,0.82213,0.89125
C002,0.09772,0.85922,0.83731,0.70518,0.83822,0.96178,0.70047,1,0.72251,0.84796
N378,0.475,0.36418,0.19402,0.18742,0.5582,0.20568,0.19571,0,0.18639,0.22447
N310,0.57451,0.4129,0.17512,0.06831,0.2541,0.51068,0.08664,0,0.04869,0.2355
N156,0.67189,0.35518,0.23882,0.17538,0.45091,0.51541,0.1636,0,0.16965,0.24123
N211,0.68489,0.51539,0.12972,0.08329,0.4167,0.55005,0.2275,0,0.07803,0.27399
N087,0.76819,0.49213,0.23212,0.13176,0.646,0.63854,0.1906,0,0.14633,0.31266
N169,0.73934,0.37141,0.18652,0.14555,0.63924,0.2663,0.21279,0,0.15386,0.22531
N995,0.71638,0.51232,0.21591,0.02716,0.59323,0.35411,0.11452,0,0.03651,0.31138
N052,0.79364,0.71521,0.15489,0.13158,0.36662,0.44289,0.28402,0,0.11884,0.39712
N439,0.59017,0.50778,0.38901,0.13888,0.37653,0.43075,0.13237,0,0.12661,0.39937
N550,0.5168,0.58097,0.11923,0.13963,0.57679,0.57807,0.12225,0,0.14701,0.29862
N491,0.7846,0.38681,0.241,0.17549,0.36056,0.37091,0.03089,0,0.15978,0.25284
N426,0.36523,0.2335,0.14563,0.23068,0.56634,0.40355,0.13385,0,0.23174,0.1262
N136,0.60152,0.30695,0.18177,0.1342,0.57632,0.71434,0.21907,0,0.14362,0.18853
C192,0.07895,0.94245,0.84322,0.73974,0.64884,0.91901,0.76294,1,0.7387,0.8988
N055,0.62497,0.60087,0.25314,0.08898,0.6532,0.58459,0.11515,0,0.10482,0.37824
N079,0.69624,0.49861,0.24054,0.10388,0.71344,0.82663,0.19823,0,0.12792,0.32086
N431,0.4652,0.34555,0.35,0.09048,0.39164,0.75233,0.19122,0,0.08561,0.29493
N185,0.72486,0.44976,0.19798,0.1849,0.471,0.6394,0.16555,0,0.18236,0.271
N057,0.69947,0.15315,0.30383,0.20216,0.48588,0.5307,0.17778,0,0.19884,0.16703
N943,0.46725,0.44476,0.13291,0.09758,0.69303,0.63949,0.15819,0,0.11741,0.23429
N851,0.49745,0.2111,0.21006,0.15058,0.60113,0.25351,0.15238,0,0.1552,0.1484
C164,0.04311,0.9739,0.83332,0.77322,0.71146,0.93152,0.60228,1,0.77677,0.90269
N219,0.51108,0.57472,0.14666,0.05904,0.47965,0.34992,0.26466,0,0.0573,0.31644
N845,0.83764,0.46253,0.12216,0.13868,0.30505,0.32923,0.10519,0,0.11871,0.23568
N114,0.66216,0.3535,0.09712,0.18156,0.55894,0.63396,0.2009,0,0.18679,0.16885
N549,0.43622,0.38946,0.09123,0.07442,0.59604,0.3465,0.09727,0,0.08238,0.18003
C019,0.04862,0.98044,0.82904,0.73964,0.74246,0.9093,0.88071,1,0.74669,0.91764
C073,0.07124,0.95916,0.86109,0.82905,0.8616,0.92002,0.82383,1,0.84382,0.92001
N175,0.79192,0.50225,0.36119,0.09848,0.35171,0.2638,0.14118,0,0.083,0.38244
C023,0.05256,0.88965,0.85634,0.73013,0.84306,0.91863,0.85925,1,0.74648,0.88195
N616,0.61525,0.55795,0.19478,0.15347,0.57899,0.46289,0.19537,0,0.15898,0.32893
N514,0.74541,0.46218,0.03439,0.12933,0.44666,0.77448,0.19211,0,0.12835,0.19434
N462,0.74171,0.54362,0.04874,0.11583,0.64313,0.54806,0.16447,0,0.12939,0.24416
N287,0.52557,0.45038,0.28071,0.10878,0.44415,0.40136,0.15956,0,0.10303,0.31384
N382,0.69871,0.41905,0.2494,0.13138,0.54624,0.50882,0.13292,0,0.13537,0.27951
C008,0.06353,0.92719,0.93227,0.75219,0.82508,0.96178,0.5784,1,0.76683,0.92762
N671,0.83906,0.42244,0.16618,0.11993,0.48756,0.65346,0.2099,0,0.12115,0.24205
N535,0.66634,0.58076,0.2305,0.14111,0.32829,0.27743,0.06844,0,0.12238,0.35343
N910,0.63305,0.3972,0.21682,0.12677,0.31778,0.88934,0.13586,0,0.11615,0.25106
N293,0.59617,0.42035,0.24083,0.05256,0.41751,0.55332,0.17446,0,0.04842,0.27781
N124,0.67468,0.31242,0.23846,0.08761,0.62195,0.49635,0.16509,0,0.09951,0.21815
N583,0.78253,0.63121,0.12956,0.16608,0.44127,0.44185,0.11115,0,0.15877,0.33041
N141,0.74165,0.38711,0.08786,0.08225,0.59899,0.38143,0.22136,0,0.09069,0.18312
N736,0.70795,0.60031,0.04598,0.12533,0.46521,0.45664,0.21499,0,0.12166,0.27566
N082,0.62531,0.65076,0.08827,0.15533,0.55046,0.62568,0.04049,0,0.16055,0.31608
N882,0.55528,0.39061,0.15692,0.16679,0.23138,0.35986,0.11988,0,0.13985,0.21575
N740,0.62655,0.21324,0.21509,0.17141,0.58296,0.39641,0.01545,0,0.17576,0.14544
C102,0.0897,0.92708,0.89031,0.78031,0.69172,0.93153,0.66211,1,0.78189,0.90996
N909,0.5571,0.46754,0.2316,0.10113,0.47961,0.52206,0.17637,0,0.10043,0.29848
C167,0.06428,0.99085,0.81631,0.79406,0.72372,0.96178,0.77059,1,0.79843,0.91125
N937,0.64003,0.40711,0.28017,0.14573,0.44034,0.35383,0.21018,0,0.13777,0.29281
N372,0.59789,0.45736,0.33001,0.09945,0.56181,0.56136,0.16958,0,0.10659,0.34359
N890,0.64749,0.47603,0.22632,0.13531,0.44166,0.41284,0.27651,0,0.12863,0.30522
N157,0.65474,0.53139,0.08514,0.15849,0.56474,0.5031,0.12234,0,0.16315,0.25436
N992,0.82387,0.48925,0.12663,0.14958,0.58765,0.52033,0.12391,0,0.15678,0.25326
N622,0.61734,0.10876,0.15842,0.20546,0.43458,0.71921,0.22362,0,0.20016,0.07021
C038,0.01119,0.94719,0.8789,0.7671,0.75927,0.95389,0.69888,1,0.77537,0.91666
N245,0.68796,0.32969,0.33158,0.04754,0.19184,0.50912,0.20606,0,0.0231,0.27761
N159,0.71625,0.32562,0.28412,0.07461,0.49575,0.49706,0.19672,0,0.07585,0.25042
N746,0.52735,0.42027,0.253,0.08105,0.36749,0.61638,0.12454,0,0.07246,0.28162
N193,0.64724,0.42479,0.16755,0.07718,0.65195,0.71445,0.17587,0,0.09512,0.24235
N534,0.68681,0.45068,0.09969,0.18791,0.44204,0.62545,0.10392,0,0.18253,0.21763
N904,0.58131,0.43607,0.22723,0.17135,0.50286,0.30696,0.17481,0,0.1674,0.27924
C004,0.0338,0.93597,0.88841,0.74958,0.81534,0.88511,0.67102,1,0.76238,0.91419
C070,0.02074,0.948,0.80891,0.5996,0.64751,0.96178,0.86125,1,0.6036,0.88885
N414,0.55459,0.45249,0.27262,0.19196,0.65705,0.41689,0.11573,0,0.20244,0.30864
C187,0.08595,0.9518,0.84722,0.86315,0.65591,0.95046,0.6174,1,0.85915,0.89875
N328,0.59915,0.39408,0.23662,0.1385,0.37722,0.43503,0.04984,0,0.12636,0.25541
N129,0.55112,0.50314,0.14881,0.05458,0.7108,0.57545,0.23786,0,0.07648,0.27779
N695,0.64016,0.41192,0.24189,0.11613,0.318,0.54592,0.17255,0,0.10106,0.27374
N631,0.43612,0.29804,0.23733,0.10437,0.48822,0.69893,0.16941,0,0.1068,0.21005
N275,0.66924,0.1688,0.1977,0.16528,0.69152,0.15442,0.11951,0,0.17599,0.11768
C148,0.05584,0.97275,0.83907,0.77092,0.81241,0.9125,0.76639,1,0.78315,0.91309
N309,0.63419,0.40542,0.15252,0.1738,0.40958,0.54963,0.22736,0,0.16496,0.2267
N234,0.53956,0.3385,0.22616,0.10428,0.55188,0.58131,0.10331,0,0.11066,0.22276
C048,0.09315,0.92174,0.89905,0.61846,0.73962,0.91555,0.74774,1,0.62929,0.91581
N623,0.68638,0.3698,0.19419,0.15409,0.56243,0.43986,0.11917,0,0.1578,0.22382
N644,0.52484,0.32035,0.18086,0.17479,0.54492,0.54003,0.16385,0,0.17769,0.19254
N479,0.50589,0.58089,0.05069,0.07389,0.77066,0.60401,0.1199,0,0.10083,0.263
N472,0.68074,0.40869,0.21404,0.1907,0.59234,0.49771,0.18363,0,0.19666,0.25814
N926,0.60382,0.28295,0.28565,0.08872,0.55686,0.44661,0.14586,0,0.09416,0.22579
C098,0.05558,0.94845,0.85482,0.87481,0.89266,0.9232,0.77173,1,0.89087,0.90845
N627,0.76683,0.47534,0.26179,0.11413,0.28152,0.70537,0.17086,0,0.09815,0.31802
N395,0.73271,0.32472,0.07552,0.17321,0.51141,0.37255,0.1747,0,0.17087,0.14093
N637,0.48952,0.64193,0.16023,0.1359,0.58565,0.51929,0.16903,0,0.14336,0.35487
N768,0.63903,0.48012,0.17774,0.11904,0.31256,0.75636,0.14748,0,0.10634,0.27596
N533,0.71687,0.32479,0.27661,0.24299,0.3931,0.53054,0.2249,0,0.23019,0.24746
N718,0.66916,0.39518,0.25337,0.08901,0.28366,0.40422,0.19971,0,0.06982,0.27202
N667,0.52963,0.4931,0.16542,0.22872,0.62408,0.51809,0.25911,0,0.23652,0.28203
N598,0.59996,0.43841,0.338,0.15685,0.36368,0.45486,0.135,0,0.1432,0.33585
N482,0.69593,0.43308,0.06771,0.14009,0.48683,0.56826,0.15756,0,0.1394,0.19425
C103,0.03411,0.9369,0.77133,0.78785,0.71278,0.93793,0.56241,1,0.79113,0.84879
N315,0.63957,0.38569,0.10525,0.0422,0.34947,0.80682,0.13354,0,0.03596,0.18704
N729,0.59535,0.63959,0.21291,0.16926,0.55887,0.41064,0.18449,0,0.17175,0.38163
N210,0.70456,0.31862,0.15093,0.15124,0.42908,0.37659,0.11216,0,0.14243,0.1736
N934,0.67164,0.66044,0.10527,0.1114,0.87965,0.43413,0.16734,0,0.14431,0.3363
N434,0.58894,0.322,0.18022,0.11096,0.60759,0.79038,0.1296,0,0.12495,0.19142
N329,0.6364,0.35726,0.20154,0.06002,0.94228,0.43501,0.24275,0,0.10013,0.22695
N261,0.72336,0.10067,0.28657,0.16433,0.58682,0.52812,0.18886,0,0.17108,0.13046
C117,0.01349,0.86704,0.85258,0.75163,0.78112,0.93321,0.62852,1,0.76203,0.85654
N307,0.57744,0.13449,0.34216,0.10632,0.45265,0.3608,0.15844,0,0.10082,0.17589
C067,0.06559,0.91891,0.88187,0.96225,0.68272,0.94514,0.795,1,0.95731,0.90772
N928,0.58459,0.44178,0.2433,0.15271,0.53182,0.60428,0.19676,0,0.15608,0.29169
C025,0.04374,0.92906,0.82405,0.83623,0.84625,0.9263,0.91043,1,0.84951,0.88892
N271,0.54119,0.27988,0.29226,0.10925,0.37061,0.5794,0.16811,0,0.0995,0.22865
N291,0.41178,0.24896,0.20633,0.10714,0.6188,0.59974,0.169,0,0.11958,0.16763
N813,0.64372,0.46698,0.36359,0.18011,0.47223,0.67474,0.17491,0,0.17832,0.36639
N097,0.75352,0.20125,0.13154,0.09482,0.47795,0.79796,0.16712,0,0.09804,0.10322
N888,0.60756,0.51737,0.20388,0.15086,0.72312,0.55249,0.06492,0,0.17039,0.30544
N819,0.57109,0.51716,0.10848,0.10142,0.51277,0.68191,0.23549,0,0.10586,0.26433
N032,0.60516,0.45255,0.30197,0.18532,0.47284,0.58527,0.18229,0,0.18217,0.32713
N763,0.59057,0.38248,0.16647,0.18048,0.4047,0.38583,0.12593,0,0.1687,0.21662
N954,0.60046,0.45325,0.30054,0.08002,0.67419,0.23734,0.17944,0,0.09314,0.32662
N320,0.50892,0.48566,0.23305,0.09388,0.35237,0.50243,0.13186,0,0.08195,0.30678
N299,0.45515,0.63999,0.11022,0.16872,0.50692,0.61545,0.04898,0,0.16953,0.32206
N200,0.80105,0.49827,0.0246,0.09304,0.49819,0.51839,0.13407,0,0.09419,0.20582
N561,0.72064,0.49947,0.12984,0.15253,0.58518,0.58847,0.22451,0,0.16038,0.26534
N179,0.56833,0.34288,0.10833,0.12857,0.4453,0.40835,0.2197,0,0.12237,0.16987
C132,0.0666,0.93535,0.89073,0.80621,0.58739,0.92451,0.60627,1,0.79768,0.91188
N089,0.75217,0.47006,0.30366,0.14302,0.48349,0.57272,0.07439,0,0.14201,0.33211
N788,0.38435,0.44946,0.12643,0.05594,0.68882,0.37927,0.16761,0,0.07311,0.23393
N725,0.66128,0.37263,0.22012,0.03424,0.61816,0.40057,0.18043,0,0.04621,0.24176
N827,0.60102,0.55956,0.29996,0.14775,0.41571,0.1475,0.14556,0,0.13467,0.38177
N209,0.86848,0.51718,0.19512,0.07125,0.44769,0.34755,0.25455,0,0.06628,0.31011
C040,0.08229,0.85709,0.79245,0.82678,1.0,0.95946,0.81213,1,0.85435,0.82909
N297,0.57989,0.51672,0.04772,0.06701,0.23378,0.50227,0.08629,0,0.04553,0.22534
N998,0.47028,0.33654,0.29699,0.13576,0.47929,0.51315,0.12875,0,0.13379,0.2596
N498,0.61427,0.47398,0.1961,0.12105,0.54999,0.56462,0.12598,0,0.12649,0.2811
N835,0.70321,0.47987,0.13005,0.05285,0.52433,0.44722,0.03371,0,0.05661,0.24557
N430,0.58069,0.15554,0.24622,0.09899,0.59738,0.83474,0.15447,0,0.11309,0.13737
N507,0.77201,0.4603,0.2701,0.07233,0.27994,0.3363,0.20186,0,0.05241,0.31576
N831,0.80404,0.63289,0.14987,0.15879,0.59101,0.43433,0.21367,0,0.16479,0.34685
N694,0.69737,0.43179,0.26614,0.13862,0.51809,0.39983,0.05774,0,0.13838,0.29133
N011,0.69315,0.50957,0.15521,0.09986,0.49763,0.33507,0.1885,0,0.09817,0.28213
N848,0.93904,0.66875,0.15028,0.20454,0.43528,0.47479,0.18832,0,0.19591,0.36508
N463,0.63863,0.41413,0.29978,0.15703,0.48763,0.65893,0.11462,0,0.15713,0.30203
N199,0.71542,0.63574,0.3356,0.15165,0.40235,0.55086,0.17352,0,0.14291,0.4425
N060,0.58649,0.32056,0.15723,0.16206,0.28379,0.55777,0.20567,0,0.14266,0.18248
N907,0.70342,0.34335,0.22134,0.18503,0.63905,0.11732,0.18325,0,0.18996,0.22679
N997,0.74782,0.62286,0.13041,0.08909,0.52355,0.50301,0.23241,0,0.09238,0.33231
N276,0.52618,0.46139,0.20402,0.16667,0.54473,0.62465,0.15928,0,0.17101,0.28007
N809,0.87472,0.34875,0.32827,0.1637,0.29482,0.50207,0.16557,0,0.14443,0.28416
N908,0.55703,0.49488,0.21815,0.07686,0.21332,0.21745,0.29304,0,0.04927,0.31194
N658,0.87049,0.23273,0.10785,0.09822,0.66245,0.49402,0.11116,0,0.1133,0.10512
N957,0.7162,0.35774,0.2325,0.1615,0.36352,0.65791,0.15174,0,0.15053,0.23876
N886,0.86003,0.58128,0.215,0.10531,0.1654,0.32061,0.2084,0,0.07403,0.35256
N221,0.4784,0.40176,0.12324,0.16893,0.51627,0.48065,0.1195,0,0.16867,0.20429
N789,0.38397,0.42113,0.13985,0.11249,0.53888,0.30849,0.16058,0,0.11364,0.22531
N712,0.61242,0.27465,0.22684,0.14224,0.6528,0.5208,0.10821,0,0.15542,0.18906
N714,0.64234,0.47705,0.20908,0.16177,0.49435,0.59022,0.10027,0,0.16134,0.2882
C113,0.08205,0.98716,0.82542,0.8814,0.87585,0.90594,0.79047,1,0.89553,0.91496
C191,0.11005,0.90484,0.91218,0.65899,0.78869,0.96009,0.9684,1,0.67345,0.92435
N790,0.78145,0.38421,0.11744,0.08446,0.56914,0.52274,0.15035,0,0.09218,0.19338
N416,0.54551,0.43639,0.14632,0.18774,0.3096,0.2277,0.17759,0,0.16515,0.23768
N899,0.64014,0.38985,0.25932,0.13935,0.52394,0.61574,0.13871,0,0.14262,0.26924
N935,0.64321,0.46228,0.09093,0.12141,0.33121,0.84168,0.14332,0,0.11147,0.22125
N266,0.83471,0.55587,0.18052,0.13188,0.39273,0.41933,0.12802,0,0.1211,0.31713
N632,0.53274,0.29037,0.22092,0.12577,0.20974,0.5284,0.13228,0,0.10063,0.19562
N248,0.63641,0.25137,0.14665,0.16459,0.36126,0.56673,0.14687,0,0.15205,0.13696
N683,0.64096,0.36567,0.15293,0.10347,0.63876,0.53224,0.14397,0,0.11684,0.20147
N559,0.63542,0.41276,0.23719,0.13136,0.69078,0.46681,0.11605,0,0.14748,0.26899
C137,0.06396,0.98257,0.9418,0.77996,0.68301,0.93322,0.93297,1,0.78081,0.97969
N968,0.54263,0.41411,0.34869,0.19426,0.33013,0.28055,0.10092,0,0.174,0.32666
C005,0.10569,0.93845,0.83699,0.79505,0.84408,0.95861,0.93121,1,0.80993,0.90168
N985,0.41587,0.74233,0.09925,0.23192,0.51793,0.49084,0.16502,0,0.2299,0.37706
N295,0.53732,0.42684,0.17405,0.15416,0.31078,0.40276,0.12712,0,0.13522,0.24443
N520,0.45514,0.63476,0.25798,0.07645,0.61984,0.73103,0.17829,0,0.09182,0.40205
N771,0.92723,0.35757,0.22272,0.08597,0.44621,0.31289,0.08533,0,0.0799,0.23035
N084,0.68629,0.28773,0.14485,0.18045,0.46653,0.62865,0.19443,0,0.17751,0.1579
N232,0.6865,0.48766,0.2039,0.1256,0.59666,0.53639,0.11047,0,0.1346,0.29173
N621,0.65972,0.30654,0.17195,0.17975,0.59966,0.67644,0.22586,0,0.18921,0.18356
N334,0.52009,0.49177,0.29861,0.08762,0.39009,0.4239,0.11931,0,0.07812,0.34336
N130,0.36486,0.47554,0.13679,0.21563,0.52157,0.18589,0.13671,0,0.21019,0.25178
C012,0.03863,0.99504,0.89668,0.65188,0.75144,0.94657,0.70812,1,0.6631,0.95201
N645,0.64729,0.22221,0.0,0.11258,0.49661,0.21251,0.16831,0,0.10867,0.04648
N974,0.59388,0.50107,0.23937,0.13006,0.43992,0.562,0.2081,0,0.12549,0.32207
N383,0.65423,0.45482,0.35978,0.08245,0.52423,0.55853,0.12485,0,0.0868,0.35544
N868,0.71663,0.31194,0.26069,0.12301,0.51821,0.69755,0.13181,0,0.12745,0.22776
N543,0.58884,0.26714,0.20148,0.1202,0.50617,0.19096,0.20681,0,0.11659,0.17675
C194,0.07049,0.98463,0.73764,0.6737,0.72522,0.85608,0.68063,1,0.68064,0.86279
N875,0.68585,0.59485,0.09559,0.11849,0.37045,0.77418,0.13189,0,0.11116,0.29432
N332,0.6912,0.17214,0.21497,0.19994,0.49556,0.63817,0.1111,0,0.19905,0.12799
N410,0.68238,0.46893,0.36762,0.11909,0.24981,0.61314,0.21319,0,0.09887,0.3714
N077,0.9552,0.58225,0.19454,0.01313,0.37999,0.43851,0.16764,0,0.00536,0.3405
N869,0.6218,0.35404,0.08854,0.25415,0.49586,0.49502,0.18112,0,0.24952,0.16373
N139,0.7894,0.26375,0.25819,0.09528,0.43957,0.19086,0.26133,0,0.08662,0.20693
N544,0.50907,0.3805,0.20551,0.18342,0.54451,0.5676,0.10674,0,0.18639,0.23481
N674,0.60262,0.49798,0.20124,0.16346,0.31666,0.58179,0.1824,0,0.14724,0.29942
N921,0.59705,0.45481,0.11178,0.11021,0.4262,0.62647,0.08394,0,0.10598,0.22512
N064,0.74168,0.35783,0.20354,0.1627,0.5914,0.80815,0.19956,0,0.17384,0.22617
N142,0.71427,0.50281,0.213,0.15343,0.10885,0.35501,0.12304,0,0.11609,0.30519
N717,0.6167,0.56128,0.27339,0.18974,0.36407,0.32679,0.2699,0,0.17326,0.37505
N377,0.55268,0.46709,0.13592,0.16147,0.4278,0.71772,0.17445,0,0.15699,0.24864
N364,0.65553,0.33236,0.21369,0.19627,0.54966,0.57211,0.15539,0,0.19934,0.21557
N140,0.62792,0.36243,0.27177,0.21989,0.21257,0.55286,0.16134,0,0.19227,0.26207
N885,0.59421,0.4867,0.24987,0.15275,0.40842,0.69613,0.21332,0,0.14655,0.32004
C042,0.0655,0.98726,0.85628,0.80113,0.64421,0.93174,0.8059,1,0.79786,0.93173
N225,0.65984,0.17582,0.32025,0.24081,0.31357,0.22782,0.16228,0,0.21684,0.18695
N515,0.78254,0.46285,0.19095,0.11216,0.71017,0.42522,0.09534,0,0.13003,0.27095
N267,0.60144,0.30974,0.17223,0.1168,0.45215,0.48567,0.26584,0,0.11267,0.18739
C170,0.09286,0.93611,0.92592,0.85934,0.66115,0.94209,0.5192,1,0.85581,0.92622
N487,0.73612,0.5215,0.20316,0.11285,0.41676,0.51542,0.20307,0,0.10615,0.31406
N353,0.5582,0.39042,0.24698,0.20338,0.80903,0.33842,0.22061,0,0.22575,0.26718
C006,0.08897,0.88337,0.85435,0.71449,0.71558,0.87369,0.82211,1,0.7195,0.87572
N618,0.73768,0.41491,0.19563,0.17513,0.31832,0.2868,0.22893,0,0.15455,0.25418
N668,0.50884,0.50061,0.05094,0.17382,0.56174,0.32993,0.11074,0,0.17529,0.21956
N775,0.70839,0.3492,0.23027,0.11822,0.57034,0.56374,0.147,0,0.12553,0.23278
N554,0.77859,0.73994,0.09728,0.10986,0.58056,0.72375,0.14601,0,0.12058,0.37383
N576,0.87285,0.64203,0.19572,0.23401,0.14451,0.00707,0.13944,0,0.19231,0.37184
N915,0.70545,0.59621,0.19823,0.17642,0.51471,0.38831,0.16715,0,0.17449,0.34988
N466,0.5809,0.33201,0.26487,0.15645,0.42151,0.45381,0.16299,0,0.14789,0.24223
N591,0.6829,0.50302,0.28786,0.17467,0.17154,0.6104,0.15852,0,0.14572,0.34577
N765,0.53834,0.46702,0.3046,0.08053,0.38095,0.7198,0.07376,0,0.07459,0.33093
N635,0.60014,0.44685,0.27953,0.07138,0.61397,0.44731,0.18261,0,0.08242,0.31247
N838,0.60312,0.36836,0.0,0.16167,0.43421,0.32158,0.20983,0,0.1522,0.12702
N290,0.75146,0.31082,0.19156,0.16842,0.4446,0.80674,0.17014,0,0.16643,0.19327
N040,0.78815,0.48308,0.21542,0.16995,0.69133,0.23213,0.1571,0,0.18157,0.29751
N031,0.48971,0.46629,0.27881,0.13972,0.41099,0.44627,0.15538,0,0.13067,0.32121
N243,0.86596,0.23961,0.2997,0.12269,0.52128,0.63576,0.20477,0,0.12654,0.21267
N429,0.5673,0.30188,0.0,0.13679,0.14041,0.49669,0.20153,0,0.10474,0.09091
N137,0.57804,0.35896,0.12102,0.19316,0.71588,0.52572,0.01802,0,0.2103,0.17518
C101,0.03083,0.91899,0.83655,0.85115,0.75534,0.88075,0.98352,1,0.85531,0.89357
N865,0.66216,0.50963,0.37725,0.08018,0.63662,0.37465,0.16812,0,0.09191,0.39604
N004,0.59937,0.57565,0.19702,0.13174,0.4764,0.33549,0.1456,0,0.12716,0.33716
N833,0.58869,0.42813,0.01947,0.17809,0.20655,0.43495,0.03359,0,0.14965,0.16056
N603,0.56064,0.34915,0.0969,0.12208,0.40101,0.6283,0.12416,0,0.11527,0.16264
C034,0.07322,0.9196,0.84252,0.80499,0.76478,0.89977,0.62255,1,0.81175,0.87927
N655,0.57027,0.30302,0.26263,0.13052,0.62912,0.43943,0.14648,0,0.14086,0.22469
N844,0.68446,0.33906,0.28962,0.08739,0.54158,0.49275,0.08722,0,0.09218,0.25511
N784,0.65798,0.32384,0.13388,0.1637,0.58808,0.60883,0.27128,0,0.17171,0.17539
C074,0.05901,0.92361,0.89516,0.86177,0.73809,0.96178,0.6913,1,0.8652,0.91203
N443,0.63297,0.3699,0.07671,0.076,0.27721,0.5485,0.13566,0,0.05869,0.1639
C178,0.06215,0.95355,0.85207,0.75732,0.68754,0.84613,0.63132,1,0.75808,0.90288
N436,0.75741,0.32483,0.23896,0.09801,0.52267,0.62339,0.18985,0,0.10262,0.22629
C169,0.04554,0.92222,0.81947,0.88375,0.81184,0.9545,0.62946,1,0.89285,0.8691
N101,0.64878,0.51757,0.14063,0.10343,0.85502,0.47335,0.17172,0,0.13499,0.27806
N773,0.58766,0.4626,0.07704,0.15937,0.36926,0.53312,0.26245,0,0.14722,0.22009
N495,0.61164,0.3675,0.27073,0.19522,0.4491,0.3878,0.11511,0,0.18689,0.26198
C028,0.0628,0.96573,0.86032,0.7765,0.72181,0.91806,0.86346,1,0.78066,0.92508
N807,0.42543,0.46993,0.13043,0.13371,0.56717,0.5408,0.15705,0,0.13992,0.24648
C142,0.02664,0.96166,0.80352,0.79944,0.70374,0.93487,0.61062,1,0.8015,0.88111
N846,0.57199,0.53521,0.29793,0.15719,0.61925,0.44342,0.11772,0,0.16585,0.36627
N987,0.77183,0.37398,0.22065,0.1114,0.41154,0.7018,0.06287,0,0.10689,0.23699
N228,0.83236,0.48311,0.26825,0.06692,0.45827,0.24105,0.10214,0,0.06153,0.32216
C193,0.01985,0.90104,0.84566,0.69497,0.5798,0.8742,0.96022,1,0.68868,0.8875
N672,0.67254,0.58074,0.20734,0.12916,0.63073,0.27157,0.11832,0,0.13734,0.34389
N859,0.81989,0.29879,0.22384,0.09288,0.3368,0.79632,0.13974,0,0.08373,0.20202
N925,0.74529,0.38725,0.13027,0.17869,0.56985,0.33164,0.10068,0,0.18074,0.19921
N067,0.6752,0.24872,0.194,0.09218,0.62975,0.69121,0.18862,0,0.10735,0.16209
N068,0.62896,0.54253,0.19034,0.10774,0.43044,0.78854,0.16441,0,0.10623,0.31683
N817,0.5656,0.3642,0.10054,0.18328,0.62098,0.4385,0.23984,0,0.19117,0.17828
N212,0.59457,0.25784,0.19161,0.12617,0.51365,0.12859,0.07309,0,0.12214,0.16008
N013,0.78063,0.17124,0.23186,0.07796,0.41819,0.68037,0.13732,0,0.07483,0.13753
N494,0.67335,0.66509,0.2972,0.03575,0.43442,0.59133,0.13868,0,0.03417,0.43669
C165,0.08731,0.9753,0.89104,0.73023,0.69089,0.88607,0.63365,1,0.73273,0.93484
N300,0.82712,0.35844,0.15547,0.09373,0.50184,0.56531,0.08012,0,0.09583,0.19576
N411,0.52225,0.4848,0.19701,0.13584,0.54127,0.69332,0.15285,0,0.14183,0.2887
N757,0.75066,0.46849,0.35856,0.13973,0.63807,0.62759,0.24256,0,0.15319,0.36792
C075,0.05178,0.80675,0.87924,0.69976,0.69357,0.8996,0.77476,1,0.70368,0.84512
N696,0.30332,0.64112,0.31992,0.15818,0.39822,0.22962,0.19899,0,0.14437,0.43853
C151,0.04309,0.84066,0.79694,0.84035,0.64657,0.91221,0.76721,1,0.83573,0.82038
N724,0.66221,0.51036,0.30223,0.19474,0.7399,0.62604,0.16302,0,0.21534,0.35737
C016,0.06018,0.91186,0.92486,1.0,0.75658,0.92202,1.0,1,1.0,0.93624
N528,0.55377,0.27507,0.18613,0.2042,0.63081,0.72019,0.16751,0,0.21622,0.17113
N600,0.72749,0.24234,0.21975,0.16317,0.62142,0.69139,0.14779,0,0.17529,0.16997
C120,0.06736,0.91021,0.83737,0.68653,0.88627,0.93827,0.58205,1,0.70837,0.86958
N567,0.82923,0.32405,0.21445,0.17719,0.69701,0.65652,0.11773,0,0.19502,0.20965
N731,0.6753,0.42759,0.30416,0.16293,0.24593,0.5429,0.14816,0,0.13996,0.31318
N274,0.69291,0.36245,0.12739,0.12909,0.47751,0.92096,0.19351,0,0.13288,0.18896
N967,0.55362,0.35961,0.1573,0.18618,0.55618,0.3591,0.11304,0,0.18716,0.19896
N238,0.48965,0.28963,0.16431,0.08018,0.85567,0.56227,0.20573,0,0.1138,0.16954
N406,0.8106,0.61566,0.2858,0.12871,0.61592,0.73702,0.20818,0,0.14211,0.40764
N003,0.65267,0.2307,0.16709,0.06345,0.52026,0.46838,0.17154,0,0.0668,0.13764
N007,0.69254,0.37577,0.22611,0.1347,0.51526,0.56336,0.1231,0,0.13662,0.24373
N312,0.4901,0.38858,0.08264,0.22987,0.55066,0.51029,0.14212,0,0.23107,0.17732
C091,0.03698,0.87208,0.79759,0.73921,0.64886,0.88709,0.73243,1,0.73773,0.83589
N452,0.50945,0.38911,0.27192,0.13588,0.3763,0.35021,0.0628,0,0.12256,0.27164
N722,0.7288,0.50403,0.26683,0.06012,0.4664,0.55846,0.00351,0,0.06011,0.32783
N216,0.46163,0.33055,0.24685,0.08806,0.33696,0.29453,0.20571,0,0.07205,0.23422
C086,0.04388,0.9911,0.84696,0.8209,0.81686,0.95224,0.68097,1,0.83246,0.92285
N028,0.60563,0.32947,0.30301,0.07793,0.31234,0.39015,0.12606,0,0.06143,0.25879
C158,0.1325,0.96078,0.84544,0.74421,0.74793,0.91066,0.52842,1,0.75162,0.89829
N362,0.60484,0.46814,0.08695,0.13021,0.51143,0.32823,0.05488,0,0.12865,0.21801
N823,0.67208,0.25522,0.1541,0.14446,0.35221,0.44847,0.09406,0,0.13012,0.14029
N781,0.56344,0.40359,0.02371,0.05993,0.58435,0.30129,0.16705,0,0.06669,0.15611
N629,0.55434,0.57479,0.16465,0.13715,0.36034,0.4022,0.06217,0,0.12311,0.31585
N454,0.89644,0.35086,0.08448,0.10368,0.60286,0.42758,0.2091,0,0.11241,0.16129
N739,0.67945,0.31839,0.14963,0.19925,0.64859,0.41295,0.09427,0,0.2087,0.17192
N536,0.75286,0.36027,0.21714,0.12181,0.48942,0.64303,0.07877,0,0.12299,0.22859
C050,0.04211,0.95804,0.85155,0.90179,0.955,0.94026,0.74745,1,0.9227,0.91072
N399,0.58249,0.48677,0.04861,0.07648,0.45776,0.38609,0.1813,0,0.07276,0.21438
N257,0.80981,0.54385,0.26705,0.08411,0.62464,0.42021,0.0883,0,0.0953,0.35349
N292,0.75522,0.46674,0.19534,0.14792,0.33176,0.52333,0.1999,0,0.13271,0.28045
N026,0.56086,0.42977,0.0,0.17268,0.6271,0.41654,0.10526,0,0.18115,0.15488
N337,0.61313,0.46027,0.15525,0.17856,0.62202,0.53775,0.07853,0,0.18809,0.25027
N585,0.52001,0.50056,0.16979,0.11141,0.5113,0.63134,0.19886,0,0.11469,0.28534
N048,0.53334,0.39851,0.24361,0.09857,0.50121,0.5273,0.1351,0,0.09993,0.26559
N319,0.75215,0.56874,0.36093,0.10064,0.47356,0.74801,0.21615,0,0.10258,0.4217
N107,0.93362,0.31146,0.31481,0.19485,0.48428,0.44232,0.14281,0,0.1904,0.25604
N799,0.6369,0.42013,0.28458,0.09955,0.1514,0.37032,0.18393,0,0.06791,0.3008
N056,0.5289,0.3749,0.26221,0.12016,0.42142,0.57958,0.13119,0,0.11453,0.26234
N523,0.64926,0.37506,0.11254,0.08207,0.7652,0.52016,0.13692,0,0.10708,0.18527
N214,0.68022,0.45952,0.29083,0.15625,0.60171,0.38288,0.18654,0,0.16255,0.32531
N121,0.65734,0.41903,0.03789,0.19094,0.40732,0.48544,0.13095,0,0.18045,0.16997
N918,0.50692,0.42566,0.18514,0.10545,0.54268,0.27387,0.25595,0,0.10668,0.25585
C068,0.09506,0.90292,0.85714,0.76414,0.81135,0.94607,0.79777,1,0.77697,0.88647
C118,0.05301,0.87496,0.86087,0.70008,0.70208,0.94833,0.70915,1,0.70542,0.86904
N073,0.68153,0.48891,0.23233,0.15537,0.41626,0.39395,0.1019,0,0.14554,0.30668
N948,0.7311,0.30239,0.24607,0.18362,0.5202,0.58548,0.2665,0,0.1847,0.22167
N747,0.56185,0.39671,0.28335,0.14562,0.29921,0.47835,0.18835,0,0.127,0.28779
N716,0.66757,0.24153,0.1332,0.08721,0.28816,0.4716,0.18881,0,0.06942,0.12678
N558,0.60268,0.63306,0.23521,0.16948,0.44013,0.34915,0.17556,0,0.16066,0.38922
C082,0.09968,0.98648,0.85664,0.79253,0.72335,0.90563,0.80648,1,0.79613,0.93153
C046,0.04994,0.95379,0.75785,0.76822,0.87191,0.92881,0.81435,1,0.786,0.86324
N553,0.69662,0.29167,0.24188,0.21994,0.47861,0.57959,0.08367,0,0.21609,0.20478
N562,0.80592,0.26656,0.24343,0.13512,0.37357,0.28849,0.18617,0,0.12072,0.19712
N425,0.67655,0.23286,0.39013,0.16374,0.44591,0.72628,0.24163,0,0.1609,0.25764
C014,0.08789,0.98222,0.77056,0.76919,0.83554,0.93701,0.78555,1,0.78386,0.88368
N326,0.71069,0.43697,0.26843,0.16432,0.42685,0.59213,0.21867,0,0.1579,0.30319
N924,0.80395,0.38279,0.27508,0.17583,0.39914,0.29958,0.17733,0,0.16251,0.2755
N317,0.62238,0.64943,0.2839,0.19014,0.63629,0.73344,0.20848,0,0.20329,0.42482
N804,0.57972,0.37658,0.17717,0.17305,0.67291,0.50163,0.09801,0,0.18672,0.21762
C163,0.02726,0.94328,0.92596,0.72349,0.99378,0.95973,0.63491,1,0.75388,0.93577
N529,0.58361,0.34347,0.06737,0.22778,0.45175,0.39829,0.16196,0,0.21878,0.14616
N837,0.69398,0.37418,0.12864,0.12106,0.54384,0.61591,0.1543,0,0.12667,0.19398
N715,0.60999,0.33394,0.1558,0.15954,0.61847,0.33453,0.1575,0,0.16652,0.18657
N901,0.64718,0.51518,0.10358,0.14102,0.25451,0.58234,0.17127,0,0.12007,0.25759
N061,0.60516,0.36365,0.16153,0.11642,0.50114,0.28895,0.16893,0,0.11385,0.20606
N723,0.46766,0.16581,0.21285,0.07843,0.36496,0.58677,0.14034,0,0.06929,0.12493
N093,0.57482,0.26277,0.07633,0.16607,0.50031,0.52068,0.21289,0,0.16506,0.10995
N858,0.64122,0.31021,0.16246,0.06533,0.43285,0.67522,0.13607,0,0.06383,0.17622
N619,0.53859,0.53456,0.1398,0.13653,0.58655,0.76676,0.21013,0,0.14751,0.28864
N352,0.69284,0.28737,0.28259,0.09675,0.28713,0.46676,0.09453,0,0.07849,0.22406
N933,0.48307,0.41782,0.24479,0.13835,0.40935,0.29077,0.17592,0,0.12703,0.27857
N281,0.6559,0.3501,0.10782,0.22278,0.71088,0.39945,0.10614,0,0.23675,0.16791
N421,0.59784,0.58802,0.22245,0.13806,0.54746,0.49306,0.25165,0,0.14172,0.36216
C115,0.07208,0.93552,0.8015,0.76438,0.75544,0.9149,0.86932,1,0.77185,0.87871
N360,0.69407,0.50623,0.36691,0.13971,0.48389,0.32701,0.22997,0,0.1354,0.3919
N423,0.60329,0.67248,0.23775,0.07678,0.81708,0.38359,0.13745,0,0.10462,0.40984
N679,0.75813,0.39112,0.21389,0.19003,0.52449,0.37527,0.2278,0,0.18833,0.25079
N527,0.69757,0.5151,0.20385,0.0959,0.51259,0.41129,0.04593,0,0.09672,0.30327
N478,0.77077,0.29982,0.19715,0.17943,0.4556,0.40137,0.1781,0,0.17238,0.19064
C095,0.04156,0.97411,0.70229,0.79672,0.72911,0.95539,0.61366,1,0.80139,0.83557
N183,0.55746,0.38571,0.06886,0.21733,0.50484,0.56826,0.14531,0,0.21572,0.16881
C092,0.05155,0.86286,0.83669,0.72969,0.91962,0.87311,0.65866,1,0.75214,0.84755
N433,0.7295,0.24929,0.18831,0.1379,0.60718,0.62918,0.2116,0,0.14872,0.16057
N111,0.52972,0.32257,0.15565,0.09293,0.55873,0.35932,0.10886,0,0.09718,0.178
N371,0.64568,0.22802,0.27808,0.02011,0.50012,0.5272,0.15666,0,0.02392,0.1929
N240,0.48581,0.36278,0.27199,0.09261,0.4896,0.52945,0.14396,0,0.09317,0.26151
N709,0.82325,0.40366,0.40542,0.14317,0.55384,0.69481,0.22414,0,0.15005,0.35644
N630,0.54165,0.45571,0.18961,0.20869,0.40725,0.66534,0.14236,0,0.20014,0.26874
N594,0.68514,0.46699,0.11713,0.131,0.387,0.54397,0.08042,0,0.12149,0.23426
N486,0.6776,0.57829,0.07567,0.15839,0.43407,0.57895,0.16313,0,0.15262,0.27665
N701,0.4373,0.42741,0.26775,0.16163,0.54886,0.63592,0.131,0,0.16665,0.2934
N262,0.44642,0.28681,0.32692,0.11182,0.48994,0.32058,0.18713,0,0.10887,0.25124
N480,0.48972,0.30382,0.17044,0.08515,0.58572,0.75864,0.18255,0,0.09761,0.1792
N650,0.79235,0.5743,0.10311,0.14619,0.59428,0.36467,0.12822,0,0.1519,0.28699
N340,0.70108,0.453,0.23852,0.14272,0.61824,0.13332,0.20656,0,0.14741,0.29573
N669,0.74216,0.5134,0.10737,0.13577,0.33721,0.58295,0.16383,0,0.12228,0.25823
N552,0.55,0.34518,0.13733,0.16981,0.35609,0.54242,0.21604,0,0.1563,0.18592
N459,0.81429,0.30609,0.10396,0.0511,0.6882,0.59749,0.20477,0,0.07143,0.14711
N184,0.80477,0.38204,0.24326,0.07341,0.35241,0.36753,0.20801,0,0.06027,0.26014
N138,0.74838,0.53282,0.12252,0.17904,0.47156,0.26624,0.13504,0,0.17152,0.27508
C161,0.07597,0.94008,0.88513,0.69317,0.7826,0.94416,0.54941,1,0.70575,0.90873
N707,0.65455,0.37503,0.18235,0.07656,0.5702,0.40457,0.25862,0,0.08299,0.22734
N582,0.62484,0.45492,0.1092,0.19608,0.50908,0.70281,0.10434,0,0.19741,0.22484
N081,0.4478,0.42892,0.16318,0.11093,0.49812,0.45152,0.19551,0,0.11055,0.24327
N769,0.71266,0.48981,0.06189,0.05471,0.37907,0.52915,0.18698,0,0.04678,0.22317
N870,0.75195,0.49948,0.20098,0.17108,0.56318,0.77811,0.3174,0,0.17904,0.30672
N762,0.66711,0.47531,0.24312,0.13182,0.28385,0.25213,0.19473,0,0.10913,0.30951
N030,0.66153,0.6517,0.23029,0.07737,0.33187,0.34191,0.09547,0,0.06193,0.39276
N542,0.5083,0.42583,0.1728,0.18525,0.37903,0.2838,0.17382,0,0.16963,0.24552
N166,0.69004,0.30455,0.20068,0.14982,0.52779,0.47931,0.1007,0,0.15118,0.19122
N249,0.83983,0.2378,0.09148,0.11844,0.44818,0.45754,0.18362,0,0.11351,0.10293
N308,0.72276,0.40326,0.18362,0.13966,0.49075,0.21776,0.13762,0,0.13443,0.23723
N448,0.77547,0.52177,0.16361,0.16893,0.47922,0.49709,0.221,0,0.16564,0.29463
N347,0.73959,0.53295,0.25767,0.19062,0.60717,0.36283,0.18512,0,0.196,0.34754
N335,0.57667,0.34298,0.22699,0.23265,0.46351,0.41631,0.11982,0,0.22478,0.22641
N286,0.79018,0.26844,0.27872,0.12293,0.42907,0.37448,0.1629,0,0.11501,0.21525
N950,0.80574,0.43566,0.37072,0.07646,0.4041,0.38234,0.20611,0,0.06797,0.35479
N098,0.7807,0.43899,0.20853,0.18161,0.29452,0.50886,0.13452,0,0.16182,0.26916
N468,0.80361,0.26628,0.41239,0.11344,0.36059,0.57219,0.12165,0,0.10258,0.28122
C037,0.05651,0.88537,0.95378,0.55082,0.72105,0.93378,0.4232,1,0.56248,0.90867
N913,0.62583,0.37949,0.17016,0.13793,0.53677,0.33172,0.06064,0,0.1384,0.21372
N756,0.80535,0.37465,0.14926,0.12477,0.50625,0.51572,0.16737,0,0.12555,0.20555
N945,0.50991,0.31943,0.20908,0.13552,0.36878,0.30762,0.2024,0,0.12095,0.20854
N614,0.70819,0.38207,0.15052,0.12423,0.44081,0.63432,0.1989,0,0.12094,0.21173
N802,0.67457,0.71168,0.18737,0.15424,0.55228,0.59683,0.17515,0,0.15925,0.40668
N758,0.8247,0.39567,0.24389,0.11402,0.39678,0.57915,0.20296,0,0.10641,0.26754
N689,0.66418,0.48003,0.17446,0.08721,0.69423,0.52275,0.16586,0,0.10585,0.27511
N066,0.56361,0.38958,0.16701,0.05788,0.49173,0.25717,0.16473,0,0.05595,0.22261
N794,0.70837,0.34772,0.16769,0.11768,0.46475,0.64261,0.19815,0,0.11683,0.20212
N744,0.60155,0.22791,0.41075,0.12739,0.31346,0.43892,0.3174,0,0.11006,0.26936
N568,0.64201,0.37198,0.19352,0.21602,0.54369,0.54173,0.19394,0,0.21749,0.22831
C084,0.09745,0.9088,0.88663,0.88672,0.60185,0.93568,0.98483,1,0.87699,0.91407
C099,0.01834,1.0,0.84529,0.81287,0.70416,0.92642,0.51255,1,0.81442,0.9185
N303,0.66429,0.4431,0.2926,0.17246,0.33512,0.44531,0.18013,0,0.15566,0.3171
N255,0.78113,0.30771,0.24764,0.1674,0.47508,0.45799,0.18045,0,0.16325,0.22112
N959,0.62547,0.38153,0.15165,0.18828,0.29221,0.52561,0.14496,0,0.16831,0.20937
C024,0.03146,0.85469,0.89221,0.73185,0.9539,0.91196,0.71102,1,0.75779,0.87445
N313,0.46744,0.46466,0.18575,0.10074,0.36444,0.55411,0.09219,0,0.09038,0.26908
N530,0.70869,0.3032,0.16392,0.12168,0.45719,0.57715,0.21124,0,0.11912,0.1769
N222,0.53656,0.46649,0.24184,0.13054,0.30035,0.28117,0.09238,0,0.10975,0.2991
N389,0.78705,0.37476,0.18224,0.21775,0.27802,0.56117,0.13559,0,0.19608,0.2211
N236,0.59905,0.50649,0.20863,0.14921,0.74257,0.68005,0.17711,0,0.17229,0.30756
N810,0.42205,0.42587,0.15853,0.14999,0.66414,0.33092,0.04818,0,0.16126,0.232
N483,0.62303,0.32704,0.3212,0.15224,0.55736,0.46043,0.15215,0,0.15586,0.26817
N713,0.67058,0.57486,0.09627,0.14741,0.76488,0.58255,0.13296,0,0.17114,0.28398
N306,0.56868,0.42867,0.16227,0.14755,0.26421,0.36861,0.12656,0,0.12425,0.23929
C111,0.01409,0.95251,0.91868,0.82255,0.75927,0.92675,0.85726,1,0.82863,0.94787
C090,0.12264,0.90654,0.87318,0.5646,0.87862,0.93691,0.73242,1,0.58971,0.89351
N772,0.87418,0.41677,0.21313,0.16287,0.65597,0.60958,0.16448,0,0.1769,0.26107
N917,0.61564,0.37086,0.15536,0.07243,0.53771,0.49886,0.07824,0,0.07745,0.20229
C139,0.07029,0.90189,0.85292,0.95048,0.54606,0.92316,0.79089,1,0.93359,0.8834
N250,0.64178,0.18676,0.19374,0.13932,0.36148,0.63385,0.16232,0,0.12855,0.12738
N760,0.64874,0.36737,0.128,0.14348,0.33185,0.3891,0.18605,0,0.12655,0.19155
N595,0.65688,0.36077,0.21633,0.16422,0.27599,0.68625,0.18713,0,0.14585,0.23375
N072,0.65149,0.36177,0.19844,0.10355,0.23835,0.57106,0.24284,0,0.08224,0.22777
N095,0.68753,0.4788,0.1395,0.15102,0.40113,0.48376,0.24218,0,0.14126,0.26011
N546,0.56232,0.60238,0.20999,0.09851,0.32834,0.10928,0.1474,0,0.07882,0.35831
N034,0.86596,0.56261,0.07138,0.15474,0.37246,0.45439,0.09946,0,0.14193,0.26289
N862,0.68501,0.37265,0.23429,0.09681,0.50434,0.43063,0.17937,0,0.09715,0.24905
N579,0.83024,0.74233,0.18677,0.17109,0.47794,0.31929,0.11589,0,0.16513,0.41993
N449,0.70507,0.46649,0.18648,0.16931,0.52772,0.47977,0.12967,0,0.17003,0.27228
N446,0.43696,0.34082,0.22153,0.03258,0.30964,0.523,0.15909,0,0.01918,0.22435
N260,0.66149,0.4208,0.20924,0.12958,0.49572,0.48879,0.1317,0,0.12891,0.25962
N205,0.68881,0.39815,0.14888,0.04365,0.7788,0.34651,0.17807,0,0.06868,0.21849
N573,0.49745,0.52864,0.09497,0.11973,0.69791,0.70053,0.15554,0,0.14012,0.2596
N824,0.37729,0.47939,0.28485,0.09491,0.63482,0.36503,0.23473,0,0.10587,0.33526
N586,0.65849,0.48689,0.27879,0.15778,0.54552,0.59726,0.14575,0,0.16209,0.33179
N366,0.53268,0.25681,0.20925,0.11056,0.46572,0.27776,0.09122,0,0.10491,0.16954
N812,0.6046,0.46424,0.33449,0.07279,0.45026,0.47332,0.22038,0,0.06975,0.3521
N078,0.63221,0.49561,0.12856,0.13611,0.44685,0.52602,0.22331,0,0.13145,0.26255
N085,0.67186,0.32725,0.1759,0.12602,0.70283,0.47375,0.16298,0,0.14347,0.19364
N539,0.61363,0.00678,0.19481,0.08941,0.3084,0.5957,0.20735,0,0.07507,0.03346
N083,0.76383,0.30484,0.10817,0.13791,0.35177,0.36755,0.16496,0,0.12261,0.14667
N458,0.6957,0.43728,0.28785,0.17402,0.51123,0.50494,0.03993,0,0.17349,0.30463
C138,0.0517,0.92417,0.8358,0.84541,0.67066,0.92926,0.658,1,0.84299,0.87999
N615,0.76256,0.46222,0.17665,0.16964,0.66695,0.45316,0.16571,0,0.18222,0.26667
C186,0.08798,0.9603,0.84817,0.76832,0.83913,0.92481,0.7419,1,0.78316,0.90991
C076,0.09882,0.94611,0.79587,0.82815,0.87751,0.91847,0.80565,1,0.84433,0.87836
N737,0.69629,0.43071,0.24204,0.03064,0.48164,0.34183,0.18059,0,0.02989,0.28431
N437,0.50069,0.3812,0.25921,0.11173,0.40926,0.44604,0.19954,0,0.10344,0.26752
N555,0.51606,0.52402,0.25389,0.12243,0.43999,0.4138,0.17755,0,0.11603,0.34041
C080,0.07368,0.92949,0.88176,0.89359,0.71702,0.93142,0.64059,1,0.89371,0.90578
C062,0.03339,0.94777,0.78574,0.69885,0.64749,0.9286,0.89638,1,0.69915,0.87847
N351,0.7648,0.34087,0.08458,0.08827,0.48218,0.4503,0.14009,0,0.08721,0.15259
N197,0.45712,0.68371,0.18162,0.09893,0.69301,0.49891,0.17946,0,0.11675,0.3889
N465,0.61289,0.56079,0.12557,0.17976,0.71409,0.48262,0.08704,0,0.19658,0.28933
N589,0.70787,0.35915,0.21694,0.17209,0.60499,0.4869,0.18827,0,0.17962,0.23326
N006,0.60717,0.56961,0.17443,0.05081,0.49116,0.36323,0.06053,0,0.05054,0.31805
N311,0.52428,0.48093,0.21447,0.13203,0.59673,0.45344,0.22184,0,0.13967,0.29904
N662,0.75398,0.43177,0.17061,0.1007,0.6141,0.55268,0.11638,0,0.11227,0.24477
N405,0.50454,0.24402,0.29122,0.05621,0.20447,0.39132,0.17254,0,0.03095,0.20907
C196,0.02718,0.91638,0.83496,0.89321,0.90582,0.91552,0.87746,1,0.90972,0.88614
C044,0.05349,0.9347,0.80681,0.87254,0.83814,0.92658,0.67808,1,0.88393,0.87163
C058,0.05594,0.9726,0.88099,0.83486,0.72323,0.93986,0.51252,1,0.83756,0.92225
N105,0.69104,0.33321,0.14979,0.15291,0.31623,0.3669,0.15029,0,0.13398,0.18272
N537,0.41317,0.54299,0.19794,0.19547,0.46045,0.38968,0.12033,0,0.18816,0.31884
N606,0.637,0.14731,0.18831,0.11698,0.69788,0.58388,0.1468,0,0.13582,0.10261
N063,0.70373,0.40177,0.13247,0.12066,0.68619,0.31653,0.22661,0,0.13462,0.21433
N282,0.79249,0.30598,0.26427,0.17328,0.38874,0.55991,0.25237,0,0.16277,0.23233
C056,0.04867,0.92857,0.8948,0.74099,0.55689,0.92477,0.63284,1,0.7319,0.91165
N239,0.76958,0.43964,0.22755,0.07609,0.56763,0.438,0.11989,0,0.08277,0.27863
N224,0.61069,0.29134,0.1735,0.07727,0.62751,0.49616,0.17736,0,0.09,0.17382
N146,0.79854,0.64473,0.22017,0.18352,0.69851,0.5942,0.17415,0,0.2004,0.38764
C119,0.04056,0.85498,0.86685,0.94769,0.70153,0.95238,0.60297,1,0.94498,0.85619
N374,0.66255,0.31626,0.18885,0.09015,0.47571,0.51939,0.19908,0,0.08943,0.19621
N119,0.59662,0.22012,0.2828,0.12162,0.39165,0.52266,0.17688,0,0.11252,0.19209
N803,0.5256,0.29888,0.13903,0.23367,0.4475,0.54245,0.14733,0,0.22612,0.15857
N251,0.50292,0.34863,0.14411,0.08371,0.50196,0.50508,0.14785,0,0.0853,0.18794
C157,0.07062,0.90687,0.77353,0.68644,0.84453,0.89575,0.81959,1,0.70401,0.84641
N010,0.63338,0.38302,0.34152,0.12686,0.78047,0.65506,0.16639,0,0.15365,0.30946
N450,0.58308,0.47779,0.16116,0.1686,0.50495,0.61805,0.09864,0,0.16928,0.26373
N874,0.61754,0.34534,0.21695,0.15663,0.59702,0.51389,0.05145,0,0.16433,0.21913
N390,0.62388,0.46623,0.30575,0.1107,0.29877,0.18226,0.14961,0,0.08903,0.33483
N966,0.77082,0.31206,0.30904,0.12226,0.5765,0.73331,0.12914,0,0.13235,0.25271
N461,0.49627,0.43853,0.19773,0.04274,0.65468,0.47474,0.24384,0,0.05867,0.26868
C147,0.04687,0.97392,0.83086,0.79956,0.74852,0.87089,0.84761,1,0.80466,0.91346
N145,0.62223,0.43193,0.29107,0.0991,0.63832,0.12605,0.18398,0,0.10688,0.31049
N502,0.69488,0.47824,0.2084,0.19715,0.28455,0.68235,0.12761,0,0.17841,0.28983
C108,0.00682,0.98704,0.87797,0.73439,0.77253,0.96178,0.77123,1,0.745,0.94114
N540,0.69968,0.39949,0.09953,0.09612,0.50646,0.50124,0.25979,0,0.09766,0.19769
N178,0.58977,0.45284,0.25809,0.09594,0.55099,0.80142,0.20149,0,0.10559,0.30552
C159,0.05816,0.93156,0.89578,0.67879,0.6821,0.91436,0.88648,1,0.68259,0.92621
C051,0.11477,0.99007,0.9888,0.75723,0.89712,0.90161,0.76911,1,0.77721,1.0
N584,0.48546,0.29314,0.16639,0.1548,0.27464,0.35544,0.20943,0,0.132,0.17268
C195,0.04387,0.88353,0.8265,0.72964,0.6501,0.9076,0.67346,1,0.72888,0.85411
N008,0.7059,0.43659,0.17765,0.07811,0.69657,0.57568,0.16537,0,0.098,0.25341
N574,0.60155,0.43913,0.21694,0.13517,0.42882,0.50482,0.10876,0,0.12865,0.27232
N843,0.80421,0.10427,0.36107,0.18042,0.5659,0.61802,0.20284,0,0.18608,0.17163
N358,0.68912,0.42737,0.0638,0.16431,0.6114,0.42269,0.03162,0,0.17176,0.18298
N330,0.62485,0.41085,0.1957,0.09374,0.22924,0.60807,0.07045,0,0.07246,0.24426
N705,0.76389,0.50747,0.1183,0.06476,0.69075,0.56959,0.19091,0,0.08448,0.26203
N830,0.60185,0.52823,0.37247,0.08088,0.38862,0.57341,0.26499,0,0.07355,0.40831
N259,0.69471,0.58904,0.22829,0.09929,0.52616,0.49864,0.19908,0,0.10241,0.36315
N891,0.49122,0.62674,0.13923,0.204,0.39321,0.55012,0.2389,0,0.19274,0.33928
N834,0.69924,0.28064,0.2756,0.09431,0.57541,0.67375,0.09421,0,0.10438,0.21682
C188,0.0135,0.90265,0.86055,0.92033,0.64475,0.9454,0.65991,1,0.91341,0.88133
N905,0.64149,0.22119,0.01367,0.07614,0.54905,0.46297,0.2085,0,0.08154,0.05497
N526,0.64798,0.03982,0.25118,0.08013,0.56708,0.51891,0.19373,0,0.08776,0.0797
N814,0.63486,0.35807,0.06107,0.17308,0.50581,0.53876,0.07763,0,0.17258,0.14661
N732,0.77811,0.54168,0.12914,0.22207,0.28433,0.29666,0.13339,0,0.1971,0.28319
C032,0.06892,0.93627,0.85833,0.61891,0.81788,0.96178,0.77375,1,0.63726,0.90383
C141,0.07634,0.93667,0.83452,0.95416,0.82343,0.88749,0.76605,1,0.96105,0.89134
N441,0.72358,0.5604,0.32373,0.22578,0.38231,0.46207,0.14029,0,0.21163,0.39426
N532,0.76678,0.38366,0.48692,0.10951,0.56428,0.70583,0.1687,0,0.11856,0.38514
N960,0.59693,0.37901,0.17461,0.18465,0.34973,0.41793,0.08702,0,0.16835,0.21706
N229,0.49615,0.40113,0.31794,0.12583,0.55463,0.35077,0.18832,0,0.12853,0.30806
C041,0.05524,0.99075,0.84479,0.727,0.77437,0.90891,0.86862,1,0.73727,0.93074
N213,0.68929,0.48811,0.05682,0.13857,0.42712,0.84905,0.09056,0,0.13662,0.2149
N080,0.75376,0.57466,0.18383,0.17837,0.59671,0.46385,0.16649,0,0.18464,0.33083
N149,0.88999,0.52307,0.23945,0.14138,0.56326,0.31811,0.21772,0,0.14388,0.3344
N592,0.7557,0.51237,0.23017,0.15532,0.3077,0.37221,0.09787,0,0.13564,0.31798
N708,0.52085,0.3982,0.26557,0.11396,0.59438,0.57086,0.10867,0,0.12362,0.27548
N590,0.70374,0.49886,0.18811,0.10848,0.43687,0.41357,0.10388,0,0.10227,0.28925
N134,0.61254,0.25408,0.04746,0.19712,0.41457,0.5215,0.19816,0,0.18756,0.08962
N782,0.4959,0.3144,0.25931,0.12355,0.53059,0.45634,0.23278,0,0.12568,0.23332
N409,0.66961,0.61994,0.19583,0.25215,0.39709,0.49427,0.07845,0,0.23889,0.35703
N970,0.70306,0.39729,0.21358,0.19428,0.60602,0.40792,0.19962,0,0.20007,0.25256
N508,0.85254,0.22668,0.23454,0.18143,0.29435,0.33715,0.10522,0,0.15923,0.16713
N877,0.58186,0.37268,0.33187,0.14333,0.58013,0.47867,0.15455,0,0.1495,0.29833
N505,0.63536,0.532,0.27194,0.1501,0.58164,0.61028,0.14996,0,0.15801,0.35268
N719,0.67716,0.47399,0.19585,0.13073,0.68802,0.61788,0.3174,0,0.14874,0.29037
N348,0.58803,0.49659,0.22416,0.07468,0.539,0.41029,0.2667,0,0.0785,0.31466
N387,0.72875,0.34706,0.21301,0.13498,0.37989,0.49427,0.12519,0,0.12402,0.22163
N001,0.75521,0.52846,0.24714,0.13276,0.43377,0.52502,0.14174,0,0.12704,0.33755
N361,0.65622,0.37563,0.40812,0.06945,0.56062,0.46132,0.23333,0,0.07605,0.34323
C134,0.08389,0.93239,0.86084,0.56147,0.7214,0.93311,0.72054,1,0.5728,0.90043
N476,0.85614,0.49423,0.18886,0.17936,0.49595,0.22709,0.15612,0,0.17342,0.28971
N778,0.84614,0.49186,0.40081,0.14214,0.51032,0.55049,0.1533,0,0.1432,0.39796
N754,0.84657,0.42472,0.19865,0.13745,0.51409,0.3902,0.16492,0,0.13676,0.25787
N173,0.74731,0.23472,0.15069,0.19286,0.63985,0.5728,0.08177,0,0.20398,0.12691
N451,0.58854,0.46817,0.28094,0.18759,0.16566,0.67671,0.18736,0,0.15863,0.32488
N126,0.74273,0.42422,0.14346,0.16055,0.45293,0.24465,0.10837,0,0.15169,0.22628
N931,0.74418,0.41249,0.13341,0.06396,0.4404,0.50293,0.04479,0,0.06076,0.21165
N531,0.55833,0.66798,0.20058,0.14938,0.58429,0.34445,0.07158,0,0.15383,0.38497
N091,0.42028,0.20077,0.13251,0.09504,0.3022,0.51316,0.1112,0,0.07881,0.10072
C162,0.07279,0.94492,0.84425,0.87656,0.5,0.96178,0.9174,1,0.85857,0.90824
N182,0.79882,0.38655,0.36704,0.06398,0.63614,0.34908,0.18543,0,0.07584,0.32549
C027,0.07452,1.0,0.80811,0.6778,0.6986,0.94844,0.64425,1,0.68356,0.90573
N1000,0.6729,0.23156,0.30186,0.19206,0.49866,0.82953,0.0828,0,0.19438,0.20348
N252,0.61987,0.48517,0.26575,0.1227,0.41156,0.29916,0.25455,0,0.11219,0.32946
N070,0.69319,0.6698,0.18048,0.17498,0.68604,0.54439,0.09445,0,0.19035,0.37666
N132,0.62631,0.42251,0.20697,0.11957,0.3106,0.55264,0.23659,0,0.10384,0.2645
N301,0.64508,0.67848,0.18909,0.19221,0.36699,0.55883,0.08368,0,0.17916,0.38525
C133,0.07816,0.94335,0.76908,0.7877,0.73771,0.96178,0.67419,1,0.79351,0.85657
N327,0.58301,0.19914,0.17402,0.13244,0.77523,0.62625,0.12932,0,0.15818,0.1222
C020,0.10126,0.93333,0.83389,0.77693,0.80129,0.90189,0.53133,1,0.78784,0.87771
N500,0.69527,0.39013,0.18019,0.20669,0.73318,0.31443,0.14536,0,0.22195,0.22878
N666,0.63685,0.4052,0.2186,0.1831,0.53404,0.52015,0.20451,0,0.18449,0.25965
N919,0.62548,0.2248,0.20608,0.0,0.4434,0.56434,0.09733,0,0.0,0.151
N496,0.71849,0.33866,0.07656,0.16465,0.68471,0.39301,0.1292,0,0.17812,0.14672
N339,0.58607,0.61258,0.18019,0.15284,0.49162,0.77017,0.12987,0,0.15499,0.34751
N964,0.68011,0.60582,0.14804,0.19579,0.43794,0.45863,0.14919,0,0.18746,0.3282
N165,0.86089,0.40532,0.1832,0.05609,0.77748,0.58785,0.08666,0,0.08398,0.23562
N029,0.57663,0.42151,0.1162,0.09508,0.44284,0.44291,0.21494,0,0.09023,0.21594
N517,0.68759,0.3716,0.29412,0.16888,0.48586,0.43375,0.11751,0,0.16529,0.2764
N194,0.52458,0.47275,0.30401,0.1707,0.4127,0.25771,0.17059,0,0.15815,0.33846
C104,0.05817,0.96171,0.79246,0.81406,0.79073,0.92387,0.50007,1,0.82314,0.86998
N170,0.71438,0.21387,0.23176,0.11679,0.34918,0.51199,0.14641,0,0.10396,0.16083
C059,0.11241,0.88725,0.82926,0.6498,0.86113,0.94907,0.6208,1,0.67078,0.85495
N174,0.66781,0.50724,0.14266,0.1511,0.21298,0.6744,0.23205,0,0.12746,0.27652
N519,0.6185,0.29184,0.28305,0.12647,0.56038,0.21619,0.12123,0,0.12777,0.22801
N969,0.76002,0.3984,0.1124,0.11157,0.62215,0.64035,0.28096,0,0.12472,0.2048
N702,0.65351,0.50227,0.3071,0.09568,0.48674,0.28851,0.24375,0,0.09252,0.3595
N492,0.68044,0.15742,0.05805,0.13156,0.28214,0.5731,0.14237,0,0.11322,0.04044
N074,0.57308,0.45616,0.09084,0.10676,0.40628,0.63023,0.15796,0,0.10094,0.21864
N981,0.70054,0.60669,0.1238,0.15247,0.63282,0.38532,0.18859,0,0.16166,0.31805
N588,0.67054,0.57601,0.19318,0.12684,0.6592,0.52401,0.21148,0,0.14113,0.3386
N235,0.59053,0.51678,0.15197,0.01143,0.49901,0.47334,0.10466,0,0.01467,0.28021
N215,0.68829,0.34535,0.22616,0.12919,0.1552,0.55321,0.26025,0,0.09948,0.23414
N947,0.7726,0.26265,0.05159,0.13846,0.55519,0.60056,0.18783,0,0.14429,0.09585
N133,0.73219,0.29579,0.19224,0.13099,0.53477,0.27117,0.20877,0,0.13066,0.18745
C156,0.08508,0.94242,0.82471,0.76302,0.90148,0.93583,0.87093,1,0.78367,0.89451
N733,0.87225,0.32949,0.23744,0.13299,0.50098,0.44664,0.12407,0,0.13208,0.22478
N941,0.6907,0.18035,0.25199,0.10954,0.41805,0.6354,0.09817,0,0.10474,0.15092
N186,0.478,0.5986,0.17835,0.1236,0.58859,0.42742,0.10418,0,0.13043,0.33779
N042,0.60437,0.41655,0.09613,0.13128,0.5011,0.62252,0.0739,0,0.13289,0.19598
N109,0.52819,0.55582,0.05114,0.14048,0.64364,0.63044,0.24111,0,0.15444,0.25572
N849,0.78615,0.36453,0.27496,0.18318,0.38584,0.1991,0.13628,0,0.16704,0.26361
N569,0.55742,0.66265,0.17467,0.1022,0.65643,0.41107,0.12029,0,0.11547,0.37109
N651,0.48091,0.20796,0.29904,0.11473,0.51018,0.27217,0.17018,0,0.11278,0.19362
C001,0.12516,0.90633,0.81875,0.71695,0.82203,0.92503,0.62526,1,0.73196,0.85998
C166,0.10807,0.87087,0.91316,0.96752,0.65849,0.96178,0.63341,1,0.9605,0.89018
N484,0.70223,0.37973,0.07873,0.15153,0.46979,0.58245,0.16763,0,0.14918,0.17179
N469,0.54129,0.48114,0.29769,0.15957,0.69348,0.75414,0.10381,0,0.17903,0.33642
N025,0.69432,0.19357,0.09562,0.17025,0.62707,0.38554,0.18839,0,0.17836,0.08155
N661,0.78853,0.63037,0.13457,0.11865,0.3746,0.71136,0.25151,0,0.1108,0.33944
N680,0.47532,0.40525,0.32901,0.06124,0.67766,0.45566,0.06225,0,0.07833,0.30982
N753,0.53285,0.41462,0.15351,0.1767,0.66181,0.55259,0.27368,0,0.18999,0.23443
N994,0.55828,0.25931,0.22075,0.17712,0.47938,0.3,0.15574,0,0.17082,0.18
N367,0.7274,0.30802,0.23667,0.16694,0.41076,0.50023,0.23605,0,0.15774,0.21834
N840,0.65745,0.49563,0.26324,0.04925,0.56207,0.63933,0.16449,0,0.05913,0.32936
C053,0.11391,0.94598,0.8553,0.76737,0.76743,0.87316,0.77777,1,0.77521,0.90767
N384,0.72447,0.39671,0.17189,0.10052,0.50165,0.69736,0.11666,0,0.10423,0.22661
N455,0.6042,0.45337,0.12989,0.17925,0.35424,0.7049,0.14309,0,0.16754,0.23661
N265,0.75486,0.49311,0.24721,0.16148,0.4099,0.29188,0.07455,0,0.14947,0.3153
N761,0.7466,0.11275,0.18354,0.07202,0.68109,0.58641,0.06919,0,0.09089,0.07777
N980,0.64342,0.29586,0.12606,0.15545,0.3358,0.55532,0.17145,0,0.1408,0.15141
N445,0.64662,0.35185,0.21198,0.07759,0.65468,0.1748,0.12718,0,0.08819,0.22377
N396,0.66014,0.44781,0.06706,0.16307,0.36367,0.3958,0.12668,0,0.14839,0.20032
N742,0.86709,0.74233,0.26284,0.15312,0.53025,0.48444,0.14166,0,0.15466,0.46055
N177,0.78221,0.46177,0.2551,0.12893,0.53877,0.45246,0.23677,0,0.13156,0.3105
N019,0.53708,0.45707,0.19595,0.14873,0.74213,0.56739,0.11624,0,0.17021,0.27146
N949,0.46473,0.48219,0.10562,0.13447,0.54758,0.56142,0.14307,0,0.13922,0.23954
N815,0.56124,0.30422,0.11111,0.08374,0.40647,0.58947,0.11867,0,0.07811,0.14558
N596,0.66388,0.57251,0.22711,0.15388,0.61239,0.68594,0.14986,0,0.16544,0.35124
N062,0.62765,0.49548,0.13072,0.05988,0.3867,0.69859,0.16626,0,0.05482,0.2608
N273,0.63366,0.46078,0.11195,0.15447,0.34275,0.90497,0.10675,0,0.14536,0.22953
C126,0.06202,0.88389,0.83221,0.63303,0.8015,0.91851,0.74653,1,0.64887,0.86084
N279,0.81642,0.55562,0.14289,0.14957,0.33564,0.33868,0.13822,0,0.13207,0.29803
N842,0.63696,0.45036,0.16411,0.19691,0.59909,0.75879,0.09633,0,0.20692,0.25041
N369,0.74482,0.28569,0.19238,0.04895,0.52713,0.31905,0.21668,0,0.05129,0.18248
N887,0.67486,0.36198,0.21632,0.15992,0.46534,0.39747,0.1104,0,0.15431,0.23063
C015,0.05012,1.0,0.86522,0.7892,0.73997,0.86692,0.9368,1,0.79383,0.94962
N860,0.77873,0.39151,0.20426,0.15802,0.55164,0.4948,0.19615,0,0.16142,0.24447
N721,0.7764,0.58207,0.29631,0.06525,0.60232,0.13618,0.23592,0,0.07111,0.3964
N826,0.64706,0.35435,0.25316,0.11575,0.51707,0.45984,0.08901,0,0.117,0.24455
N548,0.86217,0.2106,0.17539,0.15534,0.3804,0.58451,0.2293,0,0.14502,0.13397
N880,0.69861,0.59839,0.25307,0.1053,0.67009,0.72525,0.15857,0,0.12406,0.379
N900,0.31743,0.74233,0.22437,0.14367,0.48578,0.31309,0.14928,0,0.1392,0.44102
N457,0.72394,0.23465,0.15113,0.1488,0.44296,0.62095,0.14722,0,0.14471,0.13031
N394,0.80084,0.46427,0.01741,0.07096,0.55458,0.10003,0.16782,0,0.07193,0.18549
N676,0.70255,0.40332,0.09357,0.10449,0.66471,0.42965,0.21915,0,0.11867,0.19467
N912,0.90399,0.31349,0.1496,0.13064,0.59885,0.43741,0.14598,0,0.13828,0.17181
N965,0.71437,0.16178,0.09822,0.19018,0.34159,0.60254,0.16272,0,0.17557,0.06456
N376,0.81994,0.32584,0.18744,0.10052,0.50922,0.74431,0.19689,0,0.10556,0.20052
N413,0.66915,0.44637,0.19817,0.17689,0.57748,0.59907,0.09236,0,0.18341,0.26569
N075,0.85579,0.08191,0.11022,0.11862,0.60126,0.60993,0.1201,0,0.12929,0.02577
C122,0.09656,0.90273,0.9092,0.63828,0.58099,0.92195,0.76845,1,0.63461,0.91187
N863,0.49825,0.26873,0.2617,0.11068,0.32447,0.34591,0.1343,0,0.09356,0.2052
N501,0.59686,0.49046,0.25699,0.31076,0.49286,0.64994,0.21116,0,0.3062,0.32564
N942,0.73531,0.34045,0.15915,0.08334,0.60777,0.20507,0.21893,0,0.09005,0.19481
N617,0.53848,0.46393,0.20689,0.10223,0.56589,0.36794,0.14032,0,0.10693,0.28199
N115,0.50214,0.52092,0.29076,0.14724,0.48381,0.55795,0.17244,0,0.14591,0.35757
N418,0.69982,0.33113,0.26441,0.08528,0.44659,0.4097,0.04389,0,0.08062,0.23568
N602,0.61164,0.22214,0.39168,0.17024,0.21868,0.42533,0.14588,0,0.14299,0.24798
N605,0.6729,0.32918,0.1007,0.1595,0.61144,0.28105,0.16795,0,0.16512,0.15602
N090,0.698,0.43811,0.12762,0.19397,0.42281,0.40667,0.1949,0,0.18364,0.22978
C149,0.10368,0.96614,0.9457,0.76898,0.64073,0.92422,0.6775,1,0.76634,0.96035
N499,0.49446,0.23433,0.13215,0.14464,0.82269,0.5274,0.1172,0,0.17278,0.11885
N876,0.50314,0.44116,0.17603,0.1755,0.33503,0.57172,0.21693,0,0.16036,0.25755
N927,0.73937,0.5142,0.15793,0.11859,0.21631,0.51069,0.16696,0,0.09401,0.28497
N999,0.86071,0.51036,0.13564,0.01843,0.24129,0.71854,0.11965,0,0.00222,0.26906
N012,0.84124,0.325,0.28274,0.12267,0.76206,0.88813,0.14279,0,0.15123,0.24673
N397,0.6239,0.42742,0.26699,0.04494,0.5276,0.52046,0.12553,0,0.05027,0.29274
N755,0.61294,0.47321,0.19032,0.14096,0.79457,0.46472,0.12633,0,0.16587,0.27771
N556,0.69179,0.50738,0.28222,0.15617,0.19759,0.72535,0.13328,0,0.13172,0.34396
N043,0.76099,0.3994,0.1167,0.20939,0.34416,0.7136,0.27249,0,0.19593,0.20715
N168,0.61382,0.38117,0.12303,0.14358,0.34172,0.44983,0.1515,0,0.12836,0.19469
N417,0.63019,0.37579,0.07714,0.08519,0.32153,0.32744,0.17643,0,0.06839,0.16929
N577,0.72957,0.49926,0.17356,0.19625,0.54963,0.59018,0.16053,0,0.19957,0.28472
N268,0.52838,0.46142,0.18153,0.14244,0.34989,0.42885,0.10587,0,0.12769,0.26583
N808,0.59756,0.64822,0.04018,0.15942,0.46604,0.6106,0.25679,0,0.15687,0.30045
N427,0.9434,0.54984,0.24672,0.21135,0.64399,0.39691,0.07581,0,0.21977,0.34558
N691,0.65015,0.38576,0.16434,0.11776,0.56996,0.37193,0.11813,0,0.12236,0.21689
N545,0.62025,0.41479,0.44893,0.16066,0.38049,0.45921,0.17023,0,0.14842,0.38228
C123,0.07675,0.97184,0.76971,0.83586,0.68824,0.96178,0.75806,1,0.83575,0.87631
N675,0.68574,0.49998,0.09974,0.21176,0.69484,0.47791,0.21478,0,0.22577,0.24957
N690,0.75157,0.37134,0.27864,0.13829,0.51754,0.60394,0.09031,0,0.14086,0.26692
C055,0.11643,0.93264,0.85356,0.95432,0.70105,0.9434,0.74204,1,0.95122,0.89785
C177,0.07379,0.8389,0.84757,0.67266,0.69695,0.95827,0.77909,1,0.67858,0.84622
C033,0.06181,0.90624,0.7954,0.90872,0.75785,0.95474,0.71872,1,0.91226,0.85243
C035,0.02902,0.84756,0.83205,0.69888,0.75971,0.96178,0.79947,1,0.70951,0.84384
N258,0.52889,0.51449,0.19708,0.19966,0.22155,0.44525,0.05398,0,0.17199,0.29984
N336,0.85222,0.57297,0.39954,0.13037,0.30751,0.40372,0.11116,0,0.11193,0.4388
N016,0.8666,0.55644,0.28602,0.08366,0.31725,0.46413,0.17833,0,0.06843,0.37448
N902,0.69338,0.43567,0.26387,0.18015,0.57883,0.52717,0.1831,0,0.18567,0.29838
N325,0.71078,0.30013,0.19657,0.14714,0.60221,0.06982,0.13933,0,0.1494,0.18861
N608,0.48771,0.40353,0.27895,0.09925,0.13246,0.55581,0.18778,0,0.06855,0.28916
C054,0.09354,0.92432,0.85223,0.79356,0.61896,0.94492,0.69753,1,0.7885,0.89051
N791,0.72994,0.56655,0.28756,0.14894,0.54914,0.64562,0.1435,0,0.15453,0.379
N223,0.66492,0.35273,0.12602,0.15806,0.1767,0.59301,0.2397,0,0.12986,0.18529
N180,0.80745,0.39366,0.32015,0.10978,0.49774,0.47985,0.05857,0,0.1098,0.29883
N100,0.53738,0.59576,0.21959,0.15912,0.5631,0.66835,0.18778,0,0.16593,0.3617
N522,0.50309,0.59449,0.25462,0.14164,0.3374,0.55585,0.10637,0,0.12759,0.37515
N023,0.27054,0.55007,0.07392,0.17837,0.74644,0.45404,0.21241,0,0.19767,0.263
N357,0.81066,0.28971,0.18027,0.13524,0.58929,0.75122,0.1716,0,0.14629,0.17617
N734,0.74823,0.59303,0.0,0.11855,0.46204,0.54357,0.10122,0,0.11604,0.24238
C094,0.08878,0.94232,0.83437,0.72166,0.83018,0.89093,0.58512,1,0.73676,0.88543
C112,0.10723,0.90018,0.89211,0.75369,0.77605,0.96178,0.67533,1,0.76398,0.89709
N612,0.72235,0.30303,0.10115,0.16503,0.62707,0.61218,0.1302,0,0.17648,0.14035
C010,0.07479,0.898,0.88769,0.74208,0.75997,0.91319,0.67834,1,0.75065,0.89378
N341,0.65954,0.36954,0.2703,0.21985,0.26983,0.58569,0.06108,0,0.19773,0.2602
N432,0.76541,0.32613,0.17626,0.21222,0.49257,0.64347,0.17644,0,0.21075,0.19389
N962,0.41759,0.54566,0.11547,0.09884,0.46469,0.40439,0.22187,0,0.09526,0.2826
N218,0.57882,0.50504,0.26962,0.03943,0.43308,0.50328,0.21564,0,0.03638,0.34022
N204,0.37253,0.71316,0.17218,0.0654,0.40642,0.51864,0.20302,0,0.05938,0.40099
N906,0.47774,0.50295,0.05982,0.18648,0.45647,0.2917,0.24147,0,0.17774,0.23182
N923,0.84686,0.46604,0.22414,0.10559,0.5719,0.60029,0.15907,0,0.11395,0.29297
N094,0.79586,0.57768,0.25748,0.17148,0.57192,0.59479,0.12441,0,0.17762,0.36848
N911,0.60441,0.56354,0.03108,0.0949,0.45188,0.14301,0.20873,0,0.08666,0.24789
N069,0.69041,0.34407,0.20771,0.12544,0.20973,0.48852,0.17369,0,0.09974,0.21967
N895,0.71246,0.40271,0.14316,0.09215,0.48354,0.60583,0.16615,0,0.09326,0.2174
N285,0.5819,0.49185,0.15431,0.1597,0.46957,0.25382,0.1853,0,0.15246,0.27199
N697,0.76915,0.33802,0.14854,0.0869,0.17141,0.24546,0.21366,0,0.05569,0.18776
N086,0.73345,0.37502,0.26864,0.15528,0.34211,0.72021,0.16623,0,0.1435,0.26745
N435,0.6593,0.49732,0.24841,0.1312,0.43465,0.43373,0.30672,0,0.12434,0.32957
N797,0.56302,0.59795,0.12058,0.1874,0.20457,0.24564,0.14925,0,0.15583,0.30976
N154,0.72506,0.49987,0.16111,0.16083,0.47698,0.32342,0.1609,0,0.15518,0.27862
N076,0.59528,0.30999,0.18529,0.13627,0.73561,0.44521,0.10526,0,0.15587,0.1864
C043,0.02448,0.89104,0.82887,0.856,0.88265,0.90274,0.81265,1,0.87151,0.8662
N581,0.51258,0.4369,0.25709,0.09614,0.28137,0.3144,0.25135,0,0.07526,0.29889
N447,0.65897,0.39928,0.26078,0.13423,0.54275,0.32523,0.29363,0,0.13525,0.28266
N704,0.59931,0.40713,0.20866,0.17707,0.3722,0.55914,0.1162,0,0.16497,0.25121
N189,0.59856,0.33713,0.35495,0.14866,0.67144,0.49209,0.05849,0,0.16286,0.28646
N272,0.83279,0.29769,0.31506,0.15228,0.46653,0.32338,0.18671,0,0.14598,0.25093
N237,0.71002,0.28634,0.02574,0.13144,0.45396,0.51951,0.14716,0,0.12746,0.0932
N488,0.62099,0.37411,0.17116,0.16024,0.37606,0.48644,0.07317,0,0.14801,0.21196
C160,0.10964,0.95052,0.90845,0.71619,0.64954,0.90423,0.68431,1,0.71577,0.93302
N560,0.67683,0.35581,0.21385,0.13329,0.56221,0.58793,0.11466,0,0.13973,0.22625
N118,0.53309,0.50134,0.21232,0.19205,0.38418,0.48225,0.2228,0,0.17944,0.30894
N638,0.69325,0.36478,0.23211,0.20909,0.47602,0.39854,0.21854,0,0.20283,0.24561
C128,0.10792,0.99365,0.79437,0.77094,0.78941,0.96178,0.62292,1,0.78184,0.89416
N751,0.65389,0.44146,0.19437,0.15536,0.40583,0.26008,0.15926,0,0.14274,0.26437
N513,0.59878,0.44668,0.11994,0.12223,0.44599,0.39953,0.08792,0,0.11617,0.22517
N634,0.78745,0.50045,0.21243,0.13421,0.42054,0.56,0.15799,0,0.12777,0.30534
N786,0.74447,0.36568,0.31151,0.0964,0.3108,0.47401,0.06224,0,0.08033,0.27951
C007,0.08663,0.96712,0.84782,0.75746,0.71373,0.94339,0.74491,1,0.76188,0.91354
N853,0.55424,0.32256,0.19889,0.16031,0.63171,0.42826,0.18626,0,0.16975,0.20416
N127,0.54959,0.51154,0.22971,0.14791,0.77521,0.60765,0.27809,0,0.17289,0.32613
N117,0.64557,0.37988,0.11926,0.15369,0.76873,0.43166,0.16356,0,0.17544,0.19264
N474,0.67169,0.28708,0.34817,0.11171,0.17432,0.74225,0.27631,0,0.0869,0.26675
N741,0.76369,0.29675,0.29612,0.17883,0.64321,0.65587,0.08901,0,0.19187,0.23583
N993,0.71902,0.13051,0.04729,0.08268,0.43164,0.59271,0.17899,0,0.07935,0.02221
N058,0.68756,0.5214,0.41167,0.08144,0.29324,0.43198,0.19687,0,0.06373,0.42158
N604,0.67809,0.22821,0.20579,0.10233,0.61463,0.48679,0.18586,0,0.11297,0.15703
N787,0.64408,0.41786,0.11887,0.13134,0.49304,0.371,0.15378,0,0.12873,0.21236
N971,0.71736,0.15634,0.16605,0.11713,0.51547,0.47337,0.18173,0,0.11838,0.09767
N657,0.68093,0.35116,0.24839,0.15008,0.47019,0.39573,0.18115,0,0.14519,0.24489
N903,0.60506,0.57282,0.32577,0.10522,0.40312,0.48569,0.13304,0,0.09715,0.40163
N922,0.4355,0.38426,0.28787,0.12769,0.79866,0.15475,0.17551,0,0.14905,0.28281
N106,0.81447,0.42516,0.1534,0.15728,0.46728,0.29826,0.14723,0,0.15053,0.23383
N636,0.56125,0.58098,0.24168,0.18014,0.6004,0.50442,0.20684,0,0.18725,0.36613
N370,0.56706,0.18715,0.32247,0.17555,0.0,0.56721,0.19727,0,0.13087,0.1959
N269,0.74271,0.58842,0.20147,0.06392,0.61033,0.56993,0.09438,0,0.0766,0.34381
N656,0.44185,0.42341,0.26022,0.1397,0.80782,0.52909,0.19464,0,0.16671,0.29048
N047,0.44882,0.35272,0.26832,0.12671,0.53222,0.293,0.18863,0,0.12659,0.2564
N350,0.55003,0.36364,0.13601,0.09483,0.60845,0.55504,0.30039,0,0.10613,0.1993
N774,0.70667,0.52902,0.312,0.08489,0.66792,0.61794,0.0536,0,0.10262,0.36708
N196,0.61789,0.42205,0.26599,0.06186,0.78171,0.77716,0.12897,0,0.09258,0.28951
N103,0.69532,0.3254,0.20045,0.1512,0.56443,0.41187,0.15441,0,0.15479,0.20493
N005,0.68597,0.41851,0.29536,0.10131,0.73643,0.33595,0.23109,0,0.12058,0.30781
N620,0.62188,0.35449,0.10268,0.16212,0.33676,0.33069,0.15695,0,0.14419,0.1701
N991,0.77529,0.64183,0.19196,0.12834,0.45662,0.5687,0.07965,0,0.12538,0.36685
N053,0.63294,0.36564,0.25135,0.17816,0.65869,0.66487,0.15001,0,0.1927,0.25267
N264,0.6249,0.36656,0.27964,0.14217,0.41171,0.16576,0.22962,0,0.12917,0.2717
C093,0.06531,0.87002,0.83427,0.65437,0.66684,0.92972,0.72853,1,0.65784,0.85357
N444,0.72255,0.40181,0.15815,0.15013,0.60399,0.2868,0.15575,0,0.15548,0.22416
N972,0.76338,0.32436,0.29361,0.12725,0.64714,0.57096,0.04723,0,0.14112,0.24732
N783,0.68135,0.64841,0.13394,0.21651,0.37352,0.8971,0.16667,0,0.20797,0.34464
N847,0.54907,0.65848,0.25616,0.1064,0.59139,0.43448,0.22544,0,0.11414,0.41616
N692,0.52243,0.37738,0.08796,0.17668,0.41943,0.28454,0.10482,0,0.16491,0.17222
N305,0.56601,0.57134,0.11535,0.06924,0.42089,0.50677,0.16722,0,0.0642,0.29364
N342,0.67577,0.40855,0.08085,0.14327,0.27258,0.25137,0.17306,0,0.1192,0.18864
N867,0.71175,0.40205,0.36923,0.20949,0.56194,0.49628,0.17582,0,0.21214,0.33448
N314,0.61198,0.43887,0.25191,0.14324,0.2947,0.58767,0.02873,0,0.12582,0.28634
N150,0.57766,0.44156,0.13045,0.1476,0.36047,0.50084,0.18671,0,0.13462,0.2327
N125,0.75918,0.30852,0.21949,0.1563,0.57871,0.44877,0.21639,0,0.1615,0.20876
C063,0.07233,0.8824,0.82123,0.69211,0.90345,0.95661,0.65463,1,0.71553,0.84985
N575,0.53591,0.33506,0.19167,0.2271,0.56027,0.32755,0.16254,0,0.22667,0.20598
N698,0.60002,0.43231,0.2212,0.15297,0.54641,0.61599,0.12692,0,0.15777,0.27175
N665,0.71722,0.57931,0.25361,0.18955,0.63637,0.69329,0.08048,0,0.20216,0.3652
N051,0.49337,0.48412,0.19494,0.18823,0.39102,0.35289,0.1829,0,0.17454,0.28875
N727,0.62244,0.35343,0.14559,0.08005,0.42421,0.12157,0.11776,0,0.06956,0.18981
N800,0.73082,0.39758,0.23666,0.20121,0.27896,0.3635,0.13685,0,0.17739,0.26158
N354,0.73386,0.34281,0.15158,0.0684,0.41976,0.44714,0.14382,0,0.06245,0.18848
C153,0.05375,0.90004,0.93877,0.90078,0.81452,0.94429,0.52991,1,0.90942,0.91402
N143,0.52712,0.41253,0.36783,0.15777,0.70819,0.50703,0.17065,0,0.17512,0.33913
N471,0.48446,0.19804,0.0755,0.19323,0.4492,0.42251,0.11828,0,0.18547,0.0701
N654,0.77978,0.36733,0.20747,0.12877,0.51259,0.40007,0.09494,0,0.12836,0.22817
N400,0.83366,0.39817,0.25996,0.14007,0.60348,0.21397,0.14094,0,0.14469,0.27415
C154,0.03553,0.98246,0.7968,0.87579,0.69289,0.91082,0.78338,1,0.87407,0.89727
N938,0.58132,0.33566,0.26393,0.12019,0.53414,0.0654,0.23273,0,0.11727,0.24713
N321,0.89316,0.37659,0.22054,0.12643,0.74547,0.49104,0.16618,0,0.14786,0.2434
N020,0.50189,0.65916,0.16111,0.11912,0.41857,0.66188,0.23708,0,0.11442,0.36792
N685,0.57149,0.36021,0.13307,0.11811,0.43993,0.6951,0.17355,0,0.11579,0.18971
N036,0.70772,0.52734,0.27847,0.14459,0.46402,0.84895,0.18213,0,0.14568,0.35514
N825,0.78413,0.44642,0.18447,0.15314,0.66564,0.63378,0.15667,0,0.16867,0.26179
N506,0.6225,0.49562,0.26475,0.09326,0.45474,0.42655,0.05852,0,0.0893,0.32493
N828,0.71159,0.39577,0.12479,0.22213,0.19705,0.6023,0.12734,0,0.19376,0.20226
C071,0.06786,1.0,0.78034,0.89092,0.90481,0.96178,0.68873,1,0.90806,0.89354
N408,0.69903,0.54997,0.28542,0.16673,0.5527,0.51104,0.20296,0,0.17017,0.37191
N818,0.64215,0.64469,0.2475,0.10596,0.48934,0.54176,0.3174,0,0.10623,0.40879
N538,0.63598,0.65664,0.22004,0.2141,0.36638,0.36253,0.2204,0,0.19753,0.39624
N759,0.56174,0.52939,0.22985,0.12332,0.1829,0.37918,0.19774,0,0.0938,0.33185
C069,0.11212,0.89665,0.81583,0.7725,0.80616,0.91904,0.73281,1,0.78423,0.85855
N893,0.8268,0.53676,0.36811,0.11971,0.62799,0.52278,0.16973,0,0.13147,0.40596
N039,0.54009,0.51594,0.16483,0.15814,0.35666,0.57513,0.16466,0,0.14552,0.28936
N176,0.72663,0.51112,0.2063,0.17873,0.72917,0.49832,0.04478,0,0.19712,0.30235
N246,0.60259,0.38897,0.15512,0.09971,0.74316,0.38155,0.0,0,0.12027,0.20805
N811,0.67142,0.4183,0.25359,0.13627,0.67135,0.65564,0.08911,0,0.15316,0.27912
C085,0.04639,0.95038,0.83234,0.75621,0.89032,0.94131,0.61255,1,0.77618,0.89005
C078,0.0274,0.9007,0.85023,0.76912,1.0,0.90111,0.80993,1,0.79775,0.8823
N785,0.64069,0.54268,0.18658,0.22093,0.62376,0.47382,0.19404,0,0.22833,0.31642
C185,0.09995,0.98906,0.84937,0.86445,0.79289,0.91527,0.74756,1,0.87196,0.92626
N490,0.87816,0.74233,0.31898,0.16139,0.5158,0.3086,0.18746,0,0.15892,0.49184
N155,0.73553,0.3741,0.1675,0.15741,0.45602,0.5574,0.24243,0,0.1533,0.21837
N639,0.41577,0.5036,0.28358,0.15885,0.33213,0.52722,0.25137,0,0.14338,0.34842
N663,0.80493,0.45089,0.14821,0.16735,0.33242,0.50173,0.13835,0,0.15126,0.24453
N854,0.60987,0.27748,0.25022,0.1014,0.40366,0.42568,0.20319,0,0.09267,0.20734
N288,0.60668,0.25749,0.23522,0.15581,0.61804,0.53296,0.15672,0,0.16566,0.18656
N626,0.63949,0.28998,0.07059,0.09402,0.30879,0.48957,0.18071,0,0.07807,0.12001
C200,0.08117,0.9411,0.84856,0.71667,0.86401,0.89938,0.65765,1,0.73502,0.89567
N686,0.54134,0.55931,0.10922,0.15963,0.37499,0.3219,0.16081,0,0.14502,0.2837
N873,0.61264,0.4093,0.28369,0.0867,0.67102,0.47904,0.11202,0,0.1027,0.29099
N570,0.59399,0.2917,0.18886,0.14788,0.38109,0.46599,0.15598,0,0.13621,0.18091
C144,0.06045,0.96226,0.94908,0.78835,0.90716,0.93864,0.84006,1,0.80872,0.96799
N735,0.60145,0.39515,0.24495,0.12744,0.27683,0.35654,0.11283,0,0.10574,0.26339
N793,0.75937,0.6607,0.20225,0.18782,0.56971,0.43239,0.12786,0,0.19097,0.38467
N018,0.71018,0.35287,0.28487,0.1238,0.40616,0.26646,0.2169,0,0.11233,0.26643
N128,0.55705,0.22742,0.33275,0.11854,0.5607,0.29578,0.20068,0,0.12124,0.22302
N323,0.73339,0.40508,0.10089,0.1321,0.31773,0.51843,0.19956,0,0.1161,0.19844
N256,0.4617,0.51683,0.22617,0.13246,0.77686,0.35306,0.1846,0,0.15452,0.32255
N944,0.77359,0.50583,0.18807,0.12394,0.51613,0.44104,0.15713,0,0.12457,0.29558
C180,0.09087,0.97161,0.84477,0.73196,0.61935,0.86424,0.83183,1,0.7278,0.91864
N191,0.67556,0.29688,0.13453,0.20204,0.31099,0.53686,0.24172,0,0.18344,0.15979
N116,0.55894,0.44241,0.08803,0.1749,0.45809,0.2382,0.2131,0,0.16593,0.21251
C174,0.06751,0.95067,0.83705,0.88366,0.83737,0.95755,0.90667,1,0.89505,0.90707
N889,0.70727,0.39603,0.28412,0.13849,0.61814,0.24287,0.20614,0,0.14485,0.2887
N607,0.7356,0.54923,0.26261,0.20596,0.30286,0.44887,0.22525,0,0.18528,0.3608
N181,0.6243,0.50262,0.14415,0.14492,0.5468,0.23272,0.26301,0,0.14465,0.27633
N302,0.45498,0.66671,0.23615,0.15407,0.33009,0.57248,0.06323,0,0.13921,0.40227
N497,0.58365,0.53631,0.23641,0.19571,0.45278,0.3662,0.13928,0,0.18739,0.33609
N349,0.7066,0.59204,0.29679,0.15779,0.31508,0.5954,0.12892,0,0.14181,0.39676
C036,0.0,0.88812,0.79504,0.87856,0.73004,0.90749,0.71858,1,0.87998,0.84251
N983,0.48773,0.37115,0.23167,0.22937,0.59154,0.35917,0.20587,0,0.23207,0.24819
N745,0.7957,0.71875,0.10568,0.11177,0.58694,0.53391,0.15069,0,0.12033,0.36702
C152,0.02684,0.86952,0.85537,0.82307,0.51928,0.9244,0.63343,1,0.80799,0.85955
N518,0.71937,0.32888,0.2588,0.10851,0.65087,0.66437,0.17135,0,0.12463,0.23782
N373,0.44655,0.49369,0.28576,0.12214,0.23862,0.19976,0.12903,0,0.09505,0.33823
N046,0.77705,0.25974,0.19499,0.16742,0.13373,0.33302,0.12582,0,0.1315,0.16543
N477,0.7171,0.36712,0.11597,0.08336,0.63995,0.20974,0.13146,0,0.09297,0.18251
N158,0.70848,0.5132,0.17693,0.08149,0.50719,0.74868,0.153,0,0.08703,0.29358
C047,0.07751,0.89889,0.76402,0.55476,0.72863,0.94496,0.75051,1,0.56712,0.83381
N172,0.64507,0.47113,0.15173,0.1585,0.34607,0.4028,0.17954,0,0.14252,0.25924
N017,0.56488,0.57576,0.09947,0.15496,0.61202,0.45162,0.09132,0,0.16317,0.28408
N512,0.49512,0.44072,0.10755,0.12501,0.28708,0.82172,0.10072,0,0.11079,0.21618
N049,0.76596,0.29901,0.1431,0.09764,0.61134,0.52469,0.17412,0,0.10868,0.16206
N192,0.73259,0.32603,0.19948,0.2036,0.29607,0.17455,0.13439,0,0.17856,0.20379
N547,0.86544,0.45654,0.08609,0.0822,0.48087,0.71897,0.24115,0,0.08498,0.22047
N516,0.60241,0.49697,0.23597,0.11126,0.63741,0.65385,0.18042,0,0.12596,0.31675
N978,0.58055,0.47706,0.22685,0.15371,0.4988,0.30506,0.12642,0,0.14995,0.29868
N939,0.69274,0.50905,0.19823,0.21998,0.59575,0.46287,0.22986,0,0.22479,0.30614
N829,0.69343,0.40074,0.13855,0.13829,0.83708,0.15104,0.14817,0,0.16263,0.21307
N984,0.62298,0.33399,0.20499,0.17564,0.47326,0.36814,0.14931,0,0.1698,0.21165
N481,0.66952,0.53087,0.06411,0.12758,0.34827,0.40681,0.20379,0,0.11285,0.24719
C129,0.03857,0.93298,0.88236,0.83361,0.86847,0.90729,0.7019,1,0.84866,0.91097
N284,0.65048,0.47202,0.1898,0.10571,0.42736,0.58511,0.1089,0,0.10115,0.27595
C030,0.03064,0.93397,0.82589,0.60207,0.90882,0.86388,0.71643,1,0.62759,0.883
N798,0.6561,0.43883,0.1084,0.12039,0.70637,0.46966,0.22411,0,0.13828,0.22166
N940,0.59497,0.51497,0.23335,0.10569,0.36693,0.51656,0.13855,0,0.09485,0.32301
N226,0.64546,0.18117,0.17291,0.12274,0.54486,0.53343,0.18288,0,0.12723,0.11461
N027,0.61083,0.52936,0.19439,0.13278,0.81268,0.65044,0.18621,0,0.16214,0.31292
N283,0.62314,0.42189,0.20395,0.25991,0.5678,0.45408,0.09289,0,0.26085,0.25556
C150,0.06184,0.95991,0.79368,0.62075,0.60285,0.93568,0.8584,1,0.61977,0.88723
N438,0.70601,0.49544,0.15858,0.12713,0.41088,0.45142,0.25592,0,0.11855,0.27959
C168,0.09844,0.96235,0.86586,0.75155,0.65086,0.92009,0.55037,1,0.75031,0.91077
N365,0.49444,0.38385,0.37161,0.10643,0.65983,0.18131,0.18864,0,0.11664,0.32657
N230,0.84209,0.37343,0.06645,0.10759,0.60563,0.85369,0.20088,0,0.1224,0.16369
N038,0.88823,0.73646,0.22294,0.1148,0.73604,0.62891,0.10162,0,0.1377,0.43479
N670,0.7051,0.36239,0.14042,0.09348,0.69816,0.36518,0.23538,0,0.11006,0.19772
N750,0.54763,0.1829,0.15886,0.11236,0.45743,0.71403,0.20172,0,0.11203,0.10919
C181,0.06276,0.96364,0.80723,0.6456,0.63833,0.92316,0.80304,1,0.64675,0.89353
N375,0.62438,0.57177,0.02647,0.16912,0.38927,0.61665,0.24264,0,0.15959,0.25159
N470,0.62617,0.17689,0.28991,0.23007,0.54243,0.37081,0.07279,0,0.22858,0.16744
N883,0.7045,0.27558,0.32946,0.13924,0.45441,0.3921,0.16186,0,0.13327,0.24528
C182,0.04385,0.94337,0.88475,0.68896,0.80723,0.89573,0.82682,1,0.70317,0.92391
N688,0.78093,0.37195,0.28619,0.01619,0.82186,0.45576,0.10207,0,0.04743,0.27173
N033,0.56889,0.62303,0.32911,0.11566,0.44102,0.66013,0.21605,0,0.11303,0.4344
C011,0.06079,0.91923,0.86215,0.69554,0.67686,0.94075,0.77859,1,0.6987,0.89689
C176,0.09628,0.95723,0.85421,0.92103,0.77438,0.96178,0.50004,1,0.92572,0.89953
N195,0.83237,0.3193,0.16307,0.20179,0.54513,0.35317,0.18245,0,0.20122,0.1837
C106,0.07007,0.93658,0.85747,0.75484,0.85233,0.91391,0.68789,1,0.77113,0.89934
C114,0.10378,0.92128,0.8806,0.72572,0.85784,0.90749,0.74681,1,0.74335,0.90598
C064,0.06067,0.95486,0.83319,0.77659,0.8066,0.93844,0.78854,1,0.7885,0.90153
N504,0.62059,0.41726,0.26286,0.22593,0.45154,0.43976,0.1521,0,0.21755,0.28646
N916,0.53474,0.28327,0.07695,0.24174,0.54218,0.24226,0.07426,0,0.23805,0.11448
N977,0.5471,0.38152,0.08919,0.14229,0.40735,0.60489,0.20395,0,0.13505,0.17995
C183,0.0135,0.9296,0.91195,0.72018,0.71155,0.9049,0.772,1,0.72509,0.92789
C088,0.06604,0.91637,0.82946,0.85988,0.5727,0.92362,0.60836,1,0.84829,0.87008
N801,0.69419,0.49214,0.05422,0.12544,0.52332,0.49782,0.15574,0,0.12746,0.21891
N580,0.54114,0.43113,0.12481,0.18449,0.50209,0.51856,0.20277,0,0.18301,0.22497
N161,0.65283,0.42421,0.28028,0.17726,0.51343,0.4457,0.09776,0,0.17599,0.29653
N681,0.60496,0.5022,0.15885,0.12844,0.13404,0.69286,0.11526,0,0.09885,0.27646
C198,0.08221,0.99964,0.92192,0.92026,0.80395,0.96178,0.86361,1,0.92758,0.97517
N163,0.63915,0.39664,0.24051,0.16741,0.48035,0.58107,0.1803,0,0.16545,0.2652
N822,0.59787,0.3453,0.2712,0.21253,0.85414,0.68329,0.12416,0,0.2434,0.25074
N706,0.69528,0.38595,0.1564,0.16855,0.5227,0.53628,0.16154,0,0.16964,0.21502
C009,0.14378,0.97534,0.78005,0.73564,0.68758,0.91419,0.74256,1,0.73807,0.88279
N878,0.50634,0.57069,0.19444,0.03327,0.58997,0.49641,0.12652,0,0.04413,0.33222
N896,0.58775,0.43836,0.01976,0.17501,0.28605,0.42978,0.1292,0,0.15359,0.17089
N914,0.66741,0.58069,0.25229,0.05187,0.40207,0.32355,0.05973,0,0.04317,0.36424
C199,0.08449,0.92324,0.92175,0.65283,0.76788,0.91871,0.72557,1,0.66507,0.92727
N153,0.68588,0.54638,0.39509,0.11475,0.66603,0.77667,0.12555,0,0.13357,0.42292
N979,0.62531,0.46202,0.21603,0.12701,0.16031,0.38347,0.12423,0,0.09544,0.2849
C003,0.07832,0.84862,0.89852,0.75465,0.65186,0.91294,0.92225,1,0.7533,0.88482
N510,0.72088,0.32217,0.19891,0.1727,0.684,0.39824,0.18832,0,0.18592,0.20406
N112,0.41566,0.11333,0.21372,0.09179,0.51124,0.71677,0.14602,0,0.0969,0.09747
N227,0.79863,0.3304,0.09017,0.13327,0.55029,0.27981,0.22138,0,0.13435,0.15385
N986,0.61125,0.43859,0.29277,0.11624,0.61386,0.5596,0.14271,0,0.12738,0.31293
N852,0.61299,0.41768,0.23633,0.18619,0.46525,0.20438,0.24194,0,0.17701,0.27736
N104,0.62578,0.55544,0.17635,0.11267,0.48632,0.49299,0.30204,0,0.11178,0.32328
N422,0.80401,0.27773,0.22834,0.1299,0.51707,0.09208,0.15514,0,0.12554,0.19379
N420,0.5828,0.4776,0.21565,0.12518,0.59945,0.34541,0.17238,0,0.13177,0.29544
N625,0.57218,0.29618,0.32276,0.22118,0.36621,0.71912,0.22608,0,0.20936,0.25603
N587,0.66699,0.37189,0.15024,0.11889,0.42406,0.58233,0.19649,0,0.11357,0.206
C061,0.08155,0.9462,0.87818,0.65086,0.51263,0.92241,0.78803,1,0.64077,0.92013
N920,0.90015,0.48707,0.33872,0.1266,0.40971,0.49761,0.03816,0,0.11858,0.35761
N673,0.59838,0.49523,0.10153,0.13314,0.59368,0.49259,0.15264,0,0.14102,0.2449
N120,0.68477,0.26577,0.20566,0.15548,0.39634,0.51859,0.232,0,0.14564,0.1794
N054,0.69702,0.55832,0.34872,0.06654,0.48368,0.53264,0.10953,0,0.06747,0.40456
N152,0.74163,0.55445,0.12392,0.13148,0.38746,0.47288,0.18952,0,0.121,0.2901
N404,0.64571,0.40379,0.2477,0.08908,0.50953,0.61599,0.19104,0,0.09271,0.27328
C189,0.09259,0.91434,0.75858,0.87932,0.76038,0.93132,0.61437,1,0.88372,0.83262
N208,0.60458,0.36036,0.27876,0.14877,0.43512,0.48595,0.21317,0,0.1421,0.26711
C135,0.04311,0.93303,0.76802,0.88806,0.69677,0.96178,0.72774,1,0.887,0.8531
N659,0.68779,0.34241,0.3057,0.11657,0.36628,0.63875,0.12293,0,0.10703,0.26698
C097,0.05059,0.92902,0.93068,0.84044,0.81546,0.91675,0.76321,1,0.85074,0.93685
N233,0.56468,0.52103,0.23026,0.07054,0.40209,0.47823,0.14378,0,0.06341,0.32492
N009,0.62689,0.28616,0.15447,0.09713,0.88727,0.43848,0.11256,0,0.13124,0.15801
N160,0.60735,0.27794,0.12563,0.07637,0.57741,0.4539,0.14331,0,0.08412,0.14018
N037,0.56781,0.31525,0.15594,0.05076,0.4846,0.57558,0.16693,0,0.05289,0.17707
N453,0.59121,0.42445,0.24082,0.18821,0.73075,0.41387,0.25052,0,0.20525,0.28374
N652,0.53108,0.449,0.2232,0.14449,0.48945,0.33459,0.15229,0,0.14062,0.28299
N254,0.78998,0.36717,0.2099,0.06592,0.60988,0.58435,0.2408,0,0.07869,0.2365
N304,0.52556,0.48769,0.22634,0.07641,0.37598,0.26419,0.10767,0,0.06379,0.30321
N897,0.55408,0.57353,0.24361,0.06788,0.36845,0.39541,0.2104,0,0.05672,0.3633
C049,0.09225,0.96121,0.78125,0.74556,0.60763,0.96178,0.80615,1,0.7413,0.87893
N881,0.40582,0.55609,0.11382,0.22122,0.41911,0.5466,0.07359,0,0.21163,0.28007
N572,0.50733,0.35341,0.2185,0.16887,0.33447,0.38165,0.14104,0,0.15123,0.22866
N624,0.79259,0.66939,0.17004,0.17895,0.76939,0.676,0.11291,0,0.20336,0.37195
C145,0.07274,0.97212,0.84257,0.87023,0.82023,0.9291,0.52821,1,0.88015,0.90288
C031,0.09005,0.93782,0.84773,0.72842,0.52549,0.88555,0.60366,1,0.71642,0.89083
C146,0.02533,0.95319,0.77807,0.86599,0.6804,0.91214,0.62653,1,0.86351,0.86417
N263,0.70131,0.5218,0.28768,0.2014,0.89078,0.42093,0.14013,0,0.23218,0.35486
N611,0.51402,0.44803,0.02095,0.15075,0.53178,0.49231,0.0582,0,0.15261,0.17322
N298,0.50707,0.50016,0.14784,0.19243,0.49819,0.47452,0.17739,0,0.18973,0.27272
N990,1.0,0.31412,0.15887,0.08811,0.49313,0.57614,0.12218,0,0.08978,0.17578
N415,0.69075,0.59319,0.23672,0.172,0.48303,0.56368,0.00886,0,0.16988,0.3604
N151,0.54568,0.24755,0.13896,0.11064,0.93627,0.27672,0.10923,0,0.14636,0.12909
N946,0.70413,0.41705,0.1404,0.09948,0.22612,0.54219,0.21376,0,0.07682,0.22601
N473,0.70975,0.23951,0.15836,0.13464,0.49626,0.42506,0.19255,0,0.13296,0.13889
N953,0.62257,0.26364,0.25973,0.19445,0.46297,0.65614,0.19563,0,0.19113,0.20445
N988,0.71409,0.38353,0.32615,0.09432,0.47607,0.16069,0.10709,0,0.08848,0.29887
N779,0.37097,0.34631,0.135,0.07163,0.5309,0.36343,0.13692,0,0.07418,0.18144
N641,0.63033,0.46237,0.23831,0.09143,0.39598,0.44185,0.21161,0,0.08257,0.3009
C190,0.06527,0.99331,0.86743,0.82468,0.9033,0.96178,0.6972,1,0.84385,0.93542
C143,0.09291,0.88108,0.85676,0.60895,0.71946,0.89128,0.78655,1,0.61798,0.87399
N551,0.36215,0.41367,0.35735,0.1919,0.39555,0.38049,0.11737,0,0.17887,0.3317
N640,0.68822,0.31763,0.15058,0.12931,0.42767,0.27198,0.13584,0,0.11962,0.17405
N936,0.78811,0.47006,0.21162,0.14243,0.84595,0.60571,0.11229,0,0.17378,0.28635
N929,0.56474,0.27404,0.16456,0.16912,0.2952,0.39311,0.0256,0,0.14818,0.15245
N489,0.75359,0.65125,0.23086,0.10373,0.32046,0.71579,0.22649,0,0.09166,0.39924
N820,0.46575,0.59385,0.26727,0.16951,0.60789,0.57401,0.25593,0,0.1786,0.38869
N711,0.68059,0.46543,0.18163,0.16529,0.44656,0.37396,0.14796,0,0.15753,0.2701
C081,0.07128,0.90272,0.75853,0.767,0.74206,0.91505,0.64938,1,0.77321,0.82807
N148,0.82076,0.60874,0.28811,0.20602,0.29504,0.4619,0.1508,0,0.18483,0.40231
N147,0.65883,0.42137,0.06213,0.05816,0.54321,0.4341,0.12802,0,0.06322,0.18363
C175,0.0319,0.88234,0.86416,0.75363,0.77224,0.95421,0.68029,1,0.76348,0.87329
N963,0.82271,0.33967,0.18163,0.07576,0.36585,0.58592,0.18273,0,0.06678,0.20425
N346,0.69073,0.4463,0.30217,0.20077,0.29932,0.75552,0.23357,0,0.18424,0.32639
N403,0.71418,0.51234,0.22704,0.14623,0.49972,0.58213,0.15024,0,0.14667,0.31891
N932,0.4417,0.29012,0.07913,0.15281,0.64446,0.32444,0.14721,0,0.16216,0.12286
N955,0.6396,0.35051,0.1677,0.11115,0.42127,0.45224,0.17944,0,0.10402,0.2027
C125,0.06967,0.92067,0.87658,0.76917,0.76145,0.95737,0.79533,1,0.7776,0.90595
N660,0.80534,0.33298,0.15604,0.18644,0.6484,0.43682,0.16951,0,0.19662,0.18677
N464,0.61774,0.4439,0.24449,0.1243,0.28771,0.65535,0.14731,0,0.10783,0.29103
N187,0.44723,0.58739,0.12777,0.14888,0.60977,0.52722,0.19758,0,0.15815,0.31019
N609,0.42845,0.37036,0.13432,0.13599,0.64978,0.73817,0.15633,0,0.15215,0.19496
N144,0.56455,0.50276,0.24984,0.10588,0.61762,0.45715,0.18928,0,0.11626,0.32747
N752,0.74149,0.42381,0.1704,0.09974,0.46585,0.51217,0.06783,0,0.09774,0.238
N982,0.50641,0.55142,0.23887,0.09267,0.32888,0.4412,0.18355,0,0.07786,0.34765
N198,0.80054,0.23816,0.21984,0.13499,0.33063,0.51137,0.13844,0,0.11993,0.16732
N884,0.5721,0.43785,0.14728,0.06977,0.2823,0.41861,0.14591,0,0.05129,0.23742
N280,0.58654,0.42884,0.31633,0.18654,0.55808,0.3149,0.15058,0,0.18706,0.32026
N294,0.66037,0.25735,0.16042,0.17372,0.4669,0.30613,0.13472,0,0.16652,0.1467
C089,0.08695,0.97244,0.92469,0.8645,0.7775,0.96178,0.94215,1,0.87131,0.96585
N401,0.66821,0.20681,0.24827,0.11949,0.62519,0.76632,0.09803,0,0.13442,0.16321
N123,0.60778,0.48565,0.0693,0.14964,0.68321,0.71989,0.17744,0,0.16804,0.22429
N203,0.52236,0.49187,0.22325,0.13516,0.42734,0.40464,0.23867,0,0.12711,0.31029
N836,0.68111,0.46561,0.16396,0.14188,0.59813,0.77917,0.17731,0,0.15388,0.26249
N247,0.99955,0.38461,0.20182,0.16825,0.44022,0.58495,0.1044,0,0.16278,0.235
C140,0.11814,0.93331,0.88238,0.9671,0.64056,0.95383,0.85871,1,0.95841,0.91885
N385,0.73277,0.50818,0.26053,0.1157,0.20266,0.54356,0.24108,0,0.09047,0.33845
N855,0.63932,0.38881,0.09843,0.11778,0.4669,0.47437,0.24469,0,0.11476,0.19064
N220,0.39281,0.65916,0.16345,0.14412,0.46939,0.29546,0.12665,0,0.13795,0.36372
N642,0.53002,0.50124,0.16662,0.16227,0.58303,0.33866,0.0995,0,0.16611,0.27919
N002,0.62683,0.47503,0.19992,0.17016,0.43529,0.44277,0.18704,0,0.16221,0.28664
N113,0.76292,0.49158,0.30522,0.10714,0.68445,0.49509,0.15647,0,0.12388,0.3485
N699,0.54139,0.39681,0.20851,0.03603,0.41219,0.58884,0.11091,0,0.03245,0.24533
N952,0.6581,0.33004,0.14024,0.09243,0.56341,0.44331,0.25827,0,0.09828,0.18137
C079,0.0702,0.95325,0.83962,0.86089,0.75156,0.91423,0.57418,1,0.86487,0.89348
N442,0.65666,0.42143,0.18642,0.18771,0.64284,0.5305,0.14891,0,0.19866,0.24899
N664,0.78832,0.40268,0.1691,0.16116,0.48198,0.5986,0.06127,0,0.15979,0.22566
C197,0.07579,0.94063,0.85564,0.90413,0.80998,0.96178,0.76151,1,0.91251,0.90417
N318,0.67151,0.22226,0.35167,0.21555,0.65834,0.48719,0.09266,0,0.22636,0.22473
N649,0.6848,0.58589,0.2326,0.19036,0.37665,0.41781,0.22483,0,0.17624,0.36495
N710,0.62784,0.46523,0.1712,0.08199,0.40589,0.72041,0.13618,0,0.07821,0.26402
N973,0.54828,0.41518,0.2846,0.17194,0.43609,0.42909,0.19451,0,0.16381,0.29867
N628,0.76435,0.33556,0.20417,0.12378,0.69205,0.54002,0.04924,0,0.14128,0.20716
N633,0.67819,0.39139,0.12843,0.14542,0.75547,0.37675,0.08828,0,0.16551,0.19987
C172,0.10384,0.92945,0.83228,0.97192,0.85472,0.92935,0.7935,1,0.98157,0.88765
C107,0.05062,0.94484,0.82665,0.78193,0.83909,0.93313,0.92823,1,0.79644,0.89962
N796,0.58555,0.45711,0.11004,0.14998,0.60768,0.64927,0.21233,0,0.16074,0.23175
N646,0.78132,0.61863,0.15575,0.16221,0.41913,0.40598,0.1723,0,0.15258,0.3402
C013,0.09645,0.95465,0.85469,0.79218,0.75867,0.96178,0.89999,1,0.79969,0.91801
N557,0.73955,0.53514,0.19187,0.16662,0.43935,0.49928,0.14614,0,0.15993,0.31276
N682,0.75423,0.23594,0.15608,0.16635,0.5715,0.67434,0.11626,0,0.17374,0.13205
N578,0.85957,0.54383,0.28188,0.15488,0.64633,0.63261,0.14009,0,0.16864,0.36369
N525,0.68433,0.25279,0.12919,0.17205,0.32137,0.54535,0.13622,0,0.15545,0.12817
C060,0.10669,0.95901,0.89142,0.93772,0.78788,0.94174,0.72206,1,0.94278,0.93062
N541,0.46063,0.42609,0.2879,0.20334,0.4376,0.66641,0.29615,0,0.19764,0.31122
N749,0.53389,0.31402,0.27471,0.15301,0.24281,0.36438,0.1585,0,0.12759,0.23744
C110,0.05985,0.88959,0.79953,0.81927,0.78416,0.92101,0.71998,1,0.82757,0.84569
N485,0.51306,0.66956,0.18828,0.11753,0.39817,0.53045,0.26147,0,0.10925,0.38877
N096,0.42704,0.37959,0.03062,0.12663,0.39948,0.5538,0.15634,0,0.1185,0.14627
C021,0.10174,0.92779,0.83686,0.82733,0.86538,0.93087,0.8046,1,0.84264,0.88968
N564,0.68898,0.59345,0.20046,0.13357,0.49958,0.67483,0.11092,0,0.13571,0.34679
N743,0.76339,0.50703,0.11949,0.15971,0.48381,0.48922,0.09242,0,0.15701,0.25757
N864,0.41144,0.32405,0.22812,0.08759,0.28637,0.38871,0.14301,0,0.06847,0.21796
N892,0.48314,0.37622,0.17892,0.10429,0.31059,0.59034,0.14309,0,0.08958,0.22054
C039,0.06784,0.92583,0.75687,0.79597,0.82876,0.94448,0.57918,1,0.80927,0.83618
N207,0.67366,0.49228,0.04623,0.08803,0.74012,0.57974,0.1955,0,0.11147,0.2168
N393,0.77349,0.12496,0.04737,0.10757,0.60828,0.44579,0.23687,0,0.11691,0.02211
N795,0.38774,0.52072,0.24869,0.19846,0.72034,0.36251,0.12702,0,0.21353,0.33346
N871,0.51202,0.44671,0.24753,0.10064,0.49874,0.55843,0.11112,0,0.10215,0.29233
N398,0.84961,0.51537,0.20837,0.18905,0.27385,0.57121,0.24921,0,0.16808,0.31573
N767,0.63226,0.40709,0.16528,0.12059,0.65299,0.46174,0.25515,0,0.13367,0.23556
C100,0.04182,1.0,0.78512,0.854,0.87458,0.90581,0.86837,1,0.86891,0.90483
C029,0.04392,0.87952,0.85116,0.87615,0.56726,0.8892,0.86597,1,0.86307,0.87416
N643,0.55443,0.54193,0.27012,0.10422,0.34416,0.3136,0.14085,0,0.08859,0.35663
N613,0.51163,0.37655,0.11047,0.13637,0.66267,0.38569,0.20977,0,0.14871,0.18858
N961,0.62563,0.13831,0.22717,0.10518,0.2222,0.41728,0.19921,0,0.08024,0.12045
N726,0.80469,0.50149,0.31555,0.06039,0.33768,0.28305,0.09195,0,0.04519,0.35601
N684,0.83041,0.27465,0.30828,0.0343,0.52073,0.22515,0.14937,0,0.03524,0.23321
N099,0.53448,0.46444,0.1885,0.15378,0.56963,0.53861,0.19959,0,0.15951,0.27566
N805,0.74954,0.55308,0.174,0.12808,0.31756,0.49127,0.15562,0,0.11182,0.31361
N407,0.64323,0.44233,0.32822,0.20826,0.60935,0.53841,0.05532,0,0.21571,0.32899
N503,0.39522,0.43309,0.1594,0.11529,0.59586,0.33228,0.20623,0,0.1217,0.24409
C072,0.0307,0.91546,0.80059,0.92782,0.72861,0.91148,0.51705,1,0.92756,0.85018
C057,0.04784,0.98001,0.85371,0.79899,0.73581,0.96178,0.70751,1,0.80427,0.92168
N930,0.71472,0.37251,0.03593,0.17198,0.66689,0.61139,0.16847,0,0.1867,0.14582
N780,0.70494,0.19957,0.24681,0.12433,0.50885,0.59998,0.16601,0,0.12653,0.16189
N201,0.62953,0.51372,0.0865,0.13394,0.54277,0.48824,0.18076,0,0.13726,0.24843
N135,0.57233,0.38761,0.06706,0.11987,0.65242,0.27567,0.16606,0,0.13031,0.16991
C052,0.09284,0.92197,0.82333,0.75979,0.80988,0.96178,0.59026,1,0.77285,0.86904
N041,0.68087,0.52709,0.05353,0.1862,0.26332,0.60259,0.15621,0,0.16484,0.23735
C018,0.06578,0.97815,0.87884,0.58417,0.7725,0.93337,0.72865,1,0.59927,0.93472
N231,0.60151,0.0,0.14674,0.18687,0.443,0.62382,0.10649,0,0.18159,0.0
N379,0.59109,0.45779,0.18794,0.20263,0.60766,0.45496,0.11277,0,0.20895,0.26753
N289,0.50603,0.37263,0.26722,0.20176,0.59381,0.64425,0.19052,0,0.20954,0.26662
N419,0.6901,0.46847,0.18567,0.22101,0.76964,0.50931,0.14216,0,0.24174,0.27354
N392,0.65481,0.40178,0.26539,0.06805,0.64978,0.83445,0.05687,0,0.08777,0.27477
N593,0.58945,0.29198,0.12745,0.25101,0.27842,0.45361,0.17485,0,0.22678,0.15021
C087,0.10859,0.99373,0.86738,0.6566,0.68683,0.96178,0.65276,1,0.6622,0.93344
N648,0.72993,0.27286,0.11474,0.11081,0.45005,0.42102,0.13933,0,0.10578,0.13163
N521,0.56404,0.72236,0.22138,0.07445,0.40463,0.36637,0.15832,0,0.06584,0.42919
N065,0.7856,0.3535,0.34307,0.09521,0.35323,0.63665,0.16426,0,0.08519,0.2943
N015,0.70164,0.35713,0.18206,0.09871,0.57711,0.52059,0.28397,0,0.10664,0.21882
C065,0.04884,0.91798,0.91871,0.82084,0.84861,0.95434,0.56586,1,0.83522,0.91504
N493,0.49619,0.5608,0.14726,0.13957,0.5451,0.30386,0.18863,0,0.14032,0.30554
N380,0.61336,0.52687,0.20957,0.13319,0.43267,0.31668,0.12163,0,0.12444,0.31627
N188,0.72597,0.22095,0.19551,0.1155,0.3814,0.38863,0.21045,0,0.10383,0.14902
N764,0.63324,0.26975,0.24122,0.11861,0.75544,0.59912,0.21288,0,0.14268,0.199
N217,0.71276,0.44623,0.22187,0.01761,0.44354,0.66602,0.18124,0,0.01847,0.28224
N792,0.56062,0.38416,0.24546,0.10778,0.46716,0.56801,0.17492,0,0.10642,0.26079
C077,0.03575,0.98031,0.86244,0.69459,0.74459,0.96178,0.4657,1,0.70403,0.9145
N879,0.66852,0.44503,0.24583,0.0968,0.73168,0.35442,0.18996,0,0.11606,0.29442
N338,0.49546,0.63678,0.14255,0.16061,0.54387,0.62142,0.00493,0,0.16502,0.33491
N720,0.41035,0.31222,0.16591,0.08287,0.55652,0.0,0.13071,0,0.08223,0.17882
N296,0.71164,0.2562,0.15584,0.1728,0.31657,0.38423,0.11395,0,0.1535,0.1427
C017,0.07102,0.92603,0.72748,0.74642,0.75569,0.92608,0.79824,1,0.75465,0.83183
N456,0.76405,0.47103,0.1455,0.06002,0.72288,0.37377,0.15607,0,0.07998,0.25482
N816,0.72595,0.49195,0.20715,0.1652,0.55907,0.52981,0.16249,0,0.16951,0.29826
N270,0.78945,0.64009,0.14834,0.08328,0.44749,0.94776,0.11705,0,0.0863,0.34518
N996,0.55873,0.38339,0.23643,0.14515,0.48042,0.35227,0.15234,0,0.14072,0.2546
N202,0.67381,0.43211,0.24809,0.16527,0.63195,0.54079,0.13975,0,0.17615,0.28618
N162,0.43431,0.52247,0.23766,0.13114,0.64592,0.59318,0.22707,0,0.14508,0.33361
N730,0.55946,0.72085,0.28467,0.09682,0.54091,0.2876,0.17883,0,0.09837,0.46213
N402,0.80617,0.26308,0.1937,0.19087,0.59364,0.60922,0.15864,0,0.1985,0.16817
N703,0.74402,0.25555,0.30335,0.16348,0.55568,0.54842,0.16706,0,0.16781,0.22127
C130,0.01021,0.92824,0.9167,0.81615,0.51428,0.93945,0.81799,1,0.80107,0.93188
N566,0.65805,0.48905,0.14569,0.14961,0.55252,0.37998,0.17788,0,0.15175,0.26566
C022,0.0867,0.89706,0.85905,0.79125,0.78709,0.90924,0.73726,1,0.80055,0.88134
C026,0.09937,0.95222,0.93067,0.58411,0.57946,0.96178,0.55417,1,0.58262,0.93905
C105,0.05025,0.97901,0.85588,0.8254,0.8092,0.93224,0.7206,1,0.83586,0.92291
N206,0.54087,0.56389,0.09122,0.16161,0.49387,0.5707,0.17774,0,0.16088,0.27768
N035,0.55798,0.59704,0.15985,0.1647,0.32723,0.32058,0.16972,0,0.14571,0.3306
N776,0.6142,0.59961,0.2335,0.12349,0.50155,0.84837,0.18693,0,0.12856,0.37092
N509,0.61295,0.64852,0.25371,0.11492,0.39763,0.68315,0.20456,0,0.10881,0.40852
C184,0.05779,0.91056,0.80374,0.62988,0.83823,0.94181,0.50739,1,0.64938,0.8487
N092,0.8069,0.64513,0.18797,0.1159,0.68161,0.51996,0.11366,0,0.13246,0.36822
N898,0.45415,0.41089,0.26076,0.14761,0.36043,0.24459,0.20673,0,0.13103,0.28462
N565,0.65246,0.44672,0.09361,0.23361,0.27453,0.24761,0.12007,0,0.20672,0.21314
N777,0.49093,0.48703,0.11115,0.07009,0.54183,0.62058,0.19468,0,0.07725,0.24754
N242,0.5672,0.43963,0.16687,0.12437,0.25203,0.60519,0.09756,0,0.10407,0.24613
N014,0.63863,0.35399,0.26485,0.15589,0.48302,0.71923,0.15484,0,0.15647,0.25363
N316,0.68242,0.4822,0.09817,0.0652,0.61667,0.6647,0.27067,0,0.07973,0.24195
N601,0.79483,0.35577,0.16874,0.20298,0.55799,0.39398,0.15476,0,0.20406,0.20486
N388,0.53016,0.49769,0.24937,0.11825,0.75822,0.30986,0.14893,0,0.13852,0.32252
N167,0.63434,0.38417,0.13504,0.08352,0.56146,0.75831,0.13426,0,0.0939,0.20167
N841,0.72106,0.19682,0.11564,0.04508,0.58134,0.26866,0.15509,0,0.05161,0.09202
N021,0.80918,0.37895,0.14113,0.13389,0.14017,0.41187,0.20485,0,0.10073,0.20548
N647,0.56785,0.46174,0.09161,0.21977,0.35286,0.60623,0.18163,0,0.20524,0.2232
C155,0.06362,0.96232,0.82131,0.76147,0.75376,0.89919,0.6744,1,0.76867,0.8938
N832,0.74993,0.25293,0.19431,0.1631,0.37317,0.56348,0.17662,0,0.1516,0.16392
N563,0.65173,0.50618,0.14872,0.11128,0.34741,0.51483,0.13788,0,0.09852,0.27447
C171,0.05703,0.93986,0.82205,0.87591,0.61342,0.96178,0.89545,1,0.86792,0.89295
N687,0.4761,0.47379,0.09899,0.13893,0.47447,0.60301,0.11536,0,0.13768,0.23024
N958,0.47492,0.49946,0.17989,0.12762,0.30443,0.12204,0.15559,0,0.10505,0.28785
N190,0.5217,0.40999,0.4119,0.15798,0.67076,0.52698,0.08632,0,0.17231,0.35643
N976,0.53852,0.38454,0.17018,0.14135,0.4101,0.35418,0.19198,0,0.13088,0.22289
N700,0.7278,0.49626,0.07271,0.18834,0.50395,0.5674,0.06366,0,0.18758,0.22618
N511,0.74204,0.36284,0.16639,0.15757,0.386,0.3775,0.17168,0,0.14478,0.20827
C083,0.03048,0.89995,0.88607,0.76408,0.71197,0.94804,0.80657,1,0.7682,0.90028
N475,0.701,0.5366,0.20947,0.06114,0.36626,0.57194,0.17516,0,0.05247,0.32407
N857,0.62202,0.43346,0.14604,0.11309,0.37035,0.50919,0.14693,0,0.10221,0.23446
N748,0.51689,0.6001,0.34175,0.15566,0.51591,0.70816,0.242,0,0.15899,0.42989
N253,0.68274,0.42498,0.09183,0.17833,0.47419,0.45527,0.14474,0,0.17371,0.20175
N022,0.57742,0.34739,0.22309,0.17773,0.68618,0.45191,0.14237,0,0.19172,0.22787
N460,0.84282,0.59756,0.0582,0.09333,0.44758,0.81456,0.09094,0,0.09416,0.27442
N277,0.84117,0.35138,0.21073,0.13731,0.53234,0.35369,0.252,0,0.13771,0.22899
N956,0.71041,0.46818,0.15143,0.20324,0.42677,0.48233,0.083,0,0.19402,0.25277
N386,0.62007,0.3605,0.233,0.16883,0.59876,0.38821,0.14443,0,0.17453,0.24014
N806,0.72945,0.34507,0.23404,0.09196,0.41459,0.76419,0.17366,0,0.08923,0.23382
N344,0.67575,0.52552,0.20377,0.16765,0.65993,0.38063,0.07231,0,0.17866,0.31012
N770,0.61961,0.35081,0.15215,0.1097,0.91769,0.43153,0.18028,0,0.14598,0.19486
N131,0.65429,0.53688,0.31477,0.13466,0.52621,0.31643,0.1771,0,0.13409,0.3788
N872,0.93693,0.43597,0.21511,0.12346,0.54387,0.39106,0.14189,0,0.12586,0.2713
C124,0.09351,0.90047,0.8061,0.80638,0.58086,0.93881,0.8721,1,0.79747,0.8624
N088,0.81117,0.35332,0.16581,0.1296,0.58044,0.33404,0.11782,0,0.13422,0.20022
N331,0.69672,0.4444,0.19761,0.14463,0.45662,0.66581,0.16828,0,0.14251,0.26807
N467,0.52823,0.43915,0.25344,0.16145,0.17054,0.41329,0.18379,0,0.13009,0.29489
N122,0.68353,0.33117,0.09261,0.14088,0.63181,0.39799,0.15479,0,0.15054,0.15226
C045,0.08659,0.89637,1.0,0.54772,0.8286,0.96178,0.65491,1,0.56933,0.94986
C096,0.07582,0.95667,0.79068,0.92348,0.8077,0.90893,0.71508,1,0.93028,0.87691
C131,0.05881,0.88302,0.76915,0.79166,0.80915,0.88718,0.94555,1,0.80258,0.83751
N861,0.61153,0.36518,0.20472,0.1381,0.50836,0.79874,0.26747,0,0.1426,0.23406
C127,0.07535,0.92584,0.94863,0.7407,0.87412,0.94245,0.63424,1,0.75976,0.93809
N764,0.64846,0.24558,0.24036,0.11076,0.68327,0.54034,0.20806,0,0.12791,0.18534
N644,0.53433,0.3492,0.17202,0.18165,0.54861,0.60251,0.1661,0,0.18553,0.20358
N894,0.51139,0.48465,0.23122,0.0842,0.46825,0.45112,0.22928,0,0.08206,0.31007
N044,0.64079,0.56321,0.24689,0.05991,0.5716,0.22249,0.14119,0,0.06445,0.35606
N687,0.47543,0.48526,0.09937,0.14471,0.49822,0.66506,0.11744,0,0.14623,0.2367
N840,0.64792,0.49246,0.27111,0.05227,0.65296,0.55306,0.1721,0,0.06884,0.3321
N373,0.46882,0.51786,0.27939,0.12424,0.28449,0.20436,0.12549,0,0.10118,0.34774
C141,0.08042,0.94034,0.86496,0.9359,0.88135,1.0,0.79906,1,0.95005,0.91068
N536,0.71963,0.38323,0.21704,0.12161,0.42304,0.59555,0.07887,0,0.1163,0.24087
N046,0.74261,0.24893,0.18971,0.1742,0.22039,0.37328,0.12608,0,0.14624,0.15691
N393,0.77676,0.12813,0.04807,0.10636,0.64131,0.38455,0.23045,0,0.11778,0.02386
N219,0.53809,0.58022,0.14851,0.05878,0.51155,0.31997,0.25423,0,0.05944,0.31984
N330,0.6578,0.38401,0.20444,0.08775,0.21388,0.55752,0.06934,0,0.06461,0.23431
C081,0.07787,0.95459,0.75538,0.80231,0.82428,0.8803,0.64585,1,0.81412,0.85413
N883,0.7394,0.28347,0.34222,0.12657,0.53908,0.29264,0.16442,0,0.12706,0.25625
N615,0.73508,0.48446,0.18295,0.18032,0.63325,0.56732,0.1674,0,0.19119,0.28196
N568,0.64836,0.38354,0.19215,0.20373,0.62546,0.46405,0.18631,0,0.21171,0.23344
N013,0.80201,0.1882,0.23066,0.0806,0.3494,0.7002,0.14109,0,0.07161,0.14621
N127,0.56503,0.5467,0.22829,0.14023,0.71741,0.57986,0.27119,0,0.15999,0.34394
N805,0.75877,0.56586,0.17196,0.12129,0.30722,0.41294,0.15276,0,0.10324,0.31928
C095,0.04062,0.95506,0.72632,0.81833,0.68069,0.89272,0.63181,1,0.81716,0.83866
N991,0.78835,0.65974,0.1929,0.11879,0.54045,0.49606,0.08102,0,0.1225,0.37702
N838,0.57341,0.3795,0.0,0.15576,0.39595,0.31903,0.21246,0,0.14308,0.13314
N276,0.55175,0.49742,0.20355,0.17408,0.63575,0.60834,0.15529,0,0.18595,0.29899
N842,0.64498,0.45157,0.16668,0.18553,0.58144,0.68233,0.09369,0,0.19329,0.25226
